status_id,status_message,link_name,status_type,status_link,status_published,num_reactions,num_comments,num_shares,num_likes,num_loves,num_wows,num_hahas,num_sads,num_angrys,num_special,ScoreTextBlob,ScoreVader,ScoreAzure,ScoreStanfordCoreNLP,ScoreGoogleNLP,ScoreIBMNLP
399030656818342_1542787012442695,Welcome to 2018,Welcome 2018!,video,https://www.facebook.com/Shwapno.ACILL/videos/1542787012442695/,2017-12-31 11:20:55,113,1,20,106,6,1,0,0,0,0,0.80,0.46,-1000.00,2.00,0.60,0.88
399030656818342_1542503179137745,"আগামী ১ ঘন্টার জন্যে (বিকাল ৫টা থেকে সন্ধ্যা ৬টা পর্যন্ত) shwapno.com/byebye2017 এ ক্লিক করলে থাকছে BUY1 GET1 FREE OFFER

২০১৭ কে জানান সালাম আর জিতে নিন পিঁয়াজ, আলু, লবন, চিনি, তেল, মাংস, বিস্কুট, চিপস, কোক, পেপসি, চকোলেট এবং অন্যান্য পণ্যের উপর BUY1 GET1 FREE

*শুধুমাত্র shwapno.com এর জন্যে
*বিকাল ৫টা থেকে সন্ধ্যা ৬টা পর্যন্ত
*শর্ত প্রযোজ্য
*কল করুন 16469 (সন্ধ্যা ৭টা পর্যন্ত)
*বাজার হতে হবে ৩০০ থেকে ৫০০ টাকার মধ্যে",,photo,https://www.facebook.com/Shwapno.ACILL/photos/a.399106963477378.104125.399030656818342/1542500642471332/?type=3,2017-12-31 05:54:34,292,33,5,277,1,2,7,1,4,0,0.40,0.84,-1000.00,1.00,0.70,-1000.00
399030656818342_1542500182471378,"দেখতে দেখতে শেষ হয়ে গেল ২০১৭। আজ তাই shwapno.com এ পুরনো বছরে (আজ রাত ১২টার আগে) অর্ডার করা শেষ ৩ কাস্টমার এবং নুতন বছরে (রাত ১২টার পরে) অর্ডার করা প্রথম ৩ কাস্টমার পাবেন আকর্ষণীয় GIFT HAMPER

সবাইকে ইংরেজি নববর্ষের শুভেচ্ছা!

www.shwapno.com
Call 16469 (9am-7pm)",,photo,https://www.facebook.com/Shwapno.ACILL/photos/a.399106963477378.104125.399030656818342/1542492005805529/?type=3,2017-12-31 05:49:15,134,3,2,129,0,3,2,0,0,0,0.00,0.60,-1000.00,2.00,0.30,-1000.00
399030656818342_1541757862545610,"ছাড়ের ছড়াছড়ি
শুরু হোক কাড়াকাড়ি

Lizol, Trix, Harpic, Veet, Airwick, Mr. Brasso, Dettol পণ্যের উপর সর্বোচ্চ ডিস্কাউন্ট পেতে ক্লিক করুন shwapno.com/reckittbangladesh লিংকে

চলবে ২রা জানুয়ারী ২০১৮ পর্যন্ত
Call 16469 (9am-7pm)",,photo,https://www.facebook.com/Shwapno.ACILL/photos/a.754702427917828.1073741852.399030656818342/1541757819212281/?type=3,2017-12-30 09:43:22,167,4,2,166,0,1,0,0,0,0,0.00,0.00,-1000.00,1.00,0.00,-1000.00
399030656818342_1541632669224796,"ছাড়ের ছড়াছড়ি
শুরু হোক কাড়াকাড়ি

আড়ং ডেইরির পণ্যের উপর সর্বোচ্চ ডিস্কাউন্ট পেতে ক্লিক করুন shwapno.com/aarongdairy লিংকে

চলবে ২রা জানুয়ারী ২০১৮ পর্যন্ত
Call 16469",,photo,https://www.facebook.com/Shwapno.ACILL/photos/a.754702427917828.1073741852.399030656818342/1541632639224799/?type=3,2017-12-30 06:46:40,206,4,1,203,1,1,1,0,0,0,0.00,0.00,-1000.00,2.00,0.00,-1000.00
399030656818342_1540097592711637,"পুরনো বছরকে বিদায় আর নতুন বছরকে বরণ করে নিন রাজার হালে!
বাজার করুন ১০০০ টাকা বা তার বেশি মুল্যের আর জিতে নিন ১টি আকর্ষণীয় পানির বোতল!!!

ক্লিক করুন shwapno.com/offers লিংকে এবং দেখুন কি কি থাকছে আপনার জন্যে;

* Lizol Floor Cleaner এ ২৫ টাকা ছাড়!
* Trix Dish Washing Liquid এ ১২ টাকা ছাড়!
* Trix Dish Washing Bar এ ৩ টাকা ছাড়!
* Harpic Liquid Toilet Cleaner এ ২০ টাকা ছাড়!
* Harpic Bathroom Cleaning Powder এ ৩০ টাকা ছাড়!
* Dettol পণ্যে ৪ টাকা থেকে ১৭ টাকা পর্যন্ত ছাড়!
* Aarong টক দই এ থাকছে ১০ টাকা ছাড়!
* Aarong মিষ্টি দই এ থাকছে ১৫ টাকা ছাড়!
* Aarong UHT Chocolate Milk এ থাকছে ৪ টাকা ছাড়!
* Aarong ঘি ও মাখন এ থাকছে ৭ টাকা থেকে ৫০ টাকা ছাড়!
* Unilever Pure It এ থাকছে ৩০০ টাকা ছাড়!

এছারাও মিনিকেট প্রিমিয়াম চাল প্রতি কেজি মাত্র ৫৫ টাকায়, নাজিরশাইল প্রিমিয়াম চাল প্রতি কেজি মাত্র ৫৭ টাকায়, পুষ্টি সয়াবিন তেল ৫ লিটার মাত্র ৪৭০ টাকায় সহ আরও অনেক ছাড়

এ তো ছাড়ের ছড়াছড়ি! শুরু হয়ে যাক কাড়াকাড়ি!!

অফারগুলো শুধুমাত্র www.shwapno.com এর জন্যে প্রযোজ্য। কল করুন 16469 নম্বরে (সকাল ৯টা থেকে সন্ধ্যা ৭টা)",,photo,https://www.facebook.com/Shwapno.ACILL/photos/a.399106963477378.104125.399030656818342/1540084052712991/?type=3,2017-12-28 10:16:55,2776,29,17,2655,17,7,95,0,2,0,0.18,0.55,-1000.00,2.00,0.20,0.49
399030656818342_1540072926047437,"|| Trance || Shwapno Winter Fashion Film 2017 ||
|| A Tribute to Risila Binte Wazer ||

Concept & Direction: Sabbir Hasan Nasir
Art Direction: Fariduzzaman
DOP: Fahin Arafin
Editing & VFX: Fahin Arafin & Tahsin Hossain
Model: Syed Ruma, Azad Farhana Limi & Shoron Rahman
Makeup: Sohag Tanvir",#WinterFashionFim2017,video,https://www.facebook.com/Shwapno.ACILL/videos/1540072926047437/,2017-12-28 09:54:50,1156,21,67,1105,25,10,13,1,1,1,0.00,0.00,-1000.00,1.00,0.80,0.00
399030656818342_1539850109403052,"""shwapno.com & Lizol Bangladesh presents
YEAR END MEGA SALE
powered by Aarong Dairy""

Click shwapno.com/offers to explore

Enjoy craziest discounts on more than 100 items that includes Lizol, Trix, Harpic, Veet, Dettol, Aarong Sour Curd, Aarong Sweetened Yogurt, Ghee, Butter and all sorts of rice, onions, oils and others!

This is sure to be the biggest deal of the year!!! In addition to all these, shop for tk. 1000 or above to win a Water Bottle absolutely FREE!

*Offer for www.shwapno.com only
*Conditions Apply
*Call 16469 for details (9am-7pm)",,photo,https://www.facebook.com/Shwapno.ACILL/photos/a.399106963477378.104125.399030656818342/1539847039403359/?type=3,2017-12-28 04:11:51,1152,17,16,1131,4,9,7,0,0,1,0.37,0.94,-1000.00,2.00,0.40,0.57
399030656818342_1538210642900332,"Only for Loyal Customers of #Shwapno
20% Off in Restaurants & up to 40% off in Rooms

Visit Hotel Sarina Dhaka today & enjoy the benefits showing your #Shwapno Loyalty Card at billing counter of Hotel Sarina.

Call 16469 for more details.",,photo,https://www.facebook.com/Shwapno.ACILL/photos/a.399106963477378.104125.399030656818342/1538209642900432/?type=3,2017-12-26 06:47:18,150,3,14,143,1,6,0,0,0,0,0.31,0.91,-1000.00,2.00,0.20,0.00
399030656818342_1536515993069797,"#Molasses Cake_Merry Christmas!

🌹Merry time with Molasses Cake, made of sweet butter sauce & dry fruits with a touch of love for this Xmas. Merry Christmas! 🎄

Ingredients are at your reach in all Shwapno outlets.",#Molasses Cake _ Merry Christmas,video,https://www.facebook.com/Shwapno.ACILL/videos/1536515993069797/,2017-12-24 09:40:58,70,1,3,65,2,3,0,0,0,0,0.30,0.94,-1000.00,3.00,0.40,0.81
399030656818342_1534007919987271,"shwapno.com এ ১০০০ টাকা বা তার বেশি মুল্যের বাজার করুন আর ৬টি ডিম ফ্রি জিতুন ! 

ডিম কিনতে আর কোথাও যেতে হবে না !!

আকর্ষণীয় সব অফারগুলো জানতে ক্লিক করুন shwapno.com/offers এই লিংকে

*অফারগুলো শুধুমাত্র www.shwapno.com এর জন্যে প্রযোজ্য
*কল করুন 16469 নম্বরে (সকাল ৯টা থেকে সন্ধ্যা ৭টা)",,photo,https://www.facebook.com/Shwapno.ACILL/photos/a.399106963477378.104125.399030656818342/1534005959987467/?type=3,2017-12-21 09:29:21,2710,46,26,2531,19,12,144,0,3,1,0.00,0.00,-1000.00,2.00,0.10,-1000.00
399030656818342_1534005016654228,"জেঁকে বসছে শীত। কনকনে এই ঠাণ্ডা মোকাবেলা করতে shwapno.com এর পক্ষ থেকে থাকছে কম্বলের উপর অভাবনীয় ছাড়! 

২টি কম্বল মাত্র ৫০০ টাকায় !!

আকর্ষণীয় এই অফারসহ অন্যান্য অফারগুলো জানতে ক্লিক করুন shwapno.com/offers এই লিংকে

*অফারগুলো শুধুমাত্র www.shwapno.com এর জন্যে প্রযোজ্য
*কল করুন 16469 নম্বরে (সকাল ৯টা থেকে সন্ধ্যা ৭টা)",,photo,https://www.facebook.com/Shwapno.ACILL/photos/a.399106963477378.104125.399030656818342/1534003103321086/?type=3,2017-12-21 09:25:35,213,8,3,206,2,3,1,0,0,1,0.00,0.00,-1000.00,2.00,0.10,-1000.00
399030656818342_1534002879987775,"শীতের সবজির উপর shwapno.com এর পক্ষ থেকে থাকছে সর্বোচ্চ ৫০% ছাড় !!

আকর্ষণীয় এই অফারসহ অন্যান্য অফারগুলো জানতে ক্লিক করুন shwapno.com/offers এই লিংকে

*অফারগুলো শুধুমাত্র www.shwapno.com এর জন্যে প্রযোজ্য
*কল করুন 16469 নম্বরে (সকাল ৯টা থেকে সন্ধ্যা ৭টা)",,photo,https://www.facebook.com/Shwapno.ACILL/photos/a.399106963477378.104125.399030656818342/1534000219988041/?type=3,2017-12-21 09:22:42,2805,29,43,2750,26,23,2,2,0,2,0.00,0.00,-1000.00,2.00,0.00,-1000.00
399030656818342_1532302543491142,"Tag 3 of your friends and get a chance to win a tk. 5,000 gift hamper from THE BODY SHOP!!!

Visit www.shwapno.com/TheBodyShop and 
save up to tk. 400 on authentic THE BODY SHOP products from The UK.

*Offer for shwapno.com only
*Call 16469 (9am-7pm) for details",,photo,https://www.facebook.com/Shwapno.ACILL/photos/a.399106963477378.104125.399030656818342/1532302396824490/?type=3,2017-12-19 08:30:26,2176,692,166,2106,32,28,10,0,0,0,0.50,0.94,-1000.00,2.00,0.30,0.80
399030656818342_1532285463492850,"Tag 3 of your friends and get a chance to win a tk. 5,000 gift hamper from THE BODY SHOP!!!

Visit www.shwapno.com/TheBodyShop and save up to 
tk. 400 on authentic THE BODY SHOP products from The UK. 

*Offer for shwapno.com only
*Call 16469 (9am-7pm) for details",,photo,https://www.facebook.com/Shwapno.ACILL/photos/a.399106963477378.104125.399030656818342/1532236226831107/?type=3,2017-12-19 08:08:33,246,77,30,242,1,3,0,0,0,0,0.50,0.94,-1000.00,2.00,0.30,0.80
399030656818342_1529067243814672,"যাদের প্রচেষ্টা এবং আত্মত্যাগে বাংলাদেশ- এর নাম পৃথিবীর বুকে লেখা হয়েছে তাদের প্রতি কৃতজ্ঞতা এবং ভালোবাসা। 
সবাইকে বিজয় দিবসের শুভেচ্ছা।",16th December,video,https://www.facebook.com/Shwapno.ACILL/videos/1529067243814672/,2017-12-15 12:50:15,100,4,13,91,7,2,0,0,0,0,0.00,0.00,-1000.00,2.00,0.00,-1000.00
399030656818342_1527986427256087,"shwapno.com এ জেট, হারপিক, ট্রিক্স এবং হুইল সাবানের 'দরকারি কম্বো' কিনুন আর ৩১ টাকা save করুন!!!

ক্লিক করুন goo.gl/AbXNpV লিংকে এবং খুঁজে নিন দারুণ সব অফার

*অফারটি শুধুমাত্র www.shwapno.com এর জন্যে
*কল করুন 16469 নম্বরে (সকাল ৯টা থেকে সন্ধ্যা ৭টা)
*Conditions Apply",,photo,https://www.facebook.com/Shwapno.ACILL/photos/a.399106963477378.104125.399030656818342/1527983503923046/?type=3,2017-12-14 09:48:59,118,2,2,116,2,0,0,0,0,0,0.00,0.62,-1000.00,2.00,0.10,0.00
399030656818342_1527976953923701,"shwapno.com নিয়ে এলো ডায়মন্ড আলু  প্রতি কেজি মাত্র ১১ টাকায়!!!

আরও দারুণ সব অফার  জানতে ক্লিক করুন goo.gl/AbXNpV লিংকে

*অফার শুধুমাত্র www.shwapno.com এর জন্যে
*কল করুন 16469 (সকাল ৯টা থেকে সন্ধ্যা ৭টা)
*Conditions Apply",,photo,https://www.facebook.com/Shwapno.ACILL/photos/a.399106963477378.104125.399030656818342/1527973853924011/?type=3,2017-12-14 09:36:58,3355,57,30,3290,13,17,30,2,2,1,0.00,0.00,-1000.00,2.00,0.10,0.00
399030656818342_1527971770590886,"shwapno.com offers FREE Pepsi 250ml with 3 Maggi Chicken Noodles!!!

Click goo.gl/AbXNpV to explore more exiting offers

*Only for shwapno.com
*Call 16469 (9am-7pm)
*Conditions Apply",,photo,https://www.facebook.com/Shwapno.ACILL/photos/a.399106963477378.104125.399030656818342/1527968757257854/?type=3,2017-12-14 09:32:07,136,3,3,135,1,0,0,0,0,0,0.02,0.71,-1000.00,1.00,0.30,0.77
399030656818342_1526904464030950,"Experience the Best at Shwapno’s 64th Outlet in Dhanmondi 27.
Grand Opening on December 14th at 11am.
House 39 (new) / 311 (old), Road 16 (new) / 27 (old), Dhanmondi, Dhaka (Beside Persona)",#ExperienceTheBest,video,https://www.facebook.com/Shwapno.ACILL/videos/1526904464030950/,2017-12-13 05:15:28,869,25,30,832,25,11,0,0,1,0,0.33,0.80,-1000.00,1.00,0.40,0.47
399030656818342_1525245117530218,"Buy 4 Eggs for tk.20 & Get ACI Smart Supreme Washing Powder (22gm) Absolutely FREE!!!!

Click goo.gl/HZbZyP & grab this offer. Hurry!

Offer for www.shwapno.com only
Call 16469 (9am-7pm)",,photo,https://www.facebook.com/Shwapno.ACILL/photos/a.399106963477378.104125.399030656818342/1525243807530349/?type=3,2017-12-11 08:18:58,265,16,3,253,3,1,8,0,0,0,0.40,0.82,-1000.00,2.00,0.30,0.73
399030656818342_1525243334197063,"shwapno.com brings to you Snacks Combo!! Save tk. 25!!!

Click goo.gl/HZbZyP to get more exciting Combo Offers that too at a better price

Offer for www.shwapno.com only
Call 16469 (9am-7pm)",,photo,https://www.facebook.com/Shwapno.ACILL/photos/a.399106963477378.104125.399030656818342/1525243100863753/?type=3,2017-12-11 08:16:15,175,2,5,170,4,1,0,0,0,0,0.28,0.89,-1000.00,2.00,0.20,0.71
399030656818342_1525242460863817,"shwapno.com brings to you Savlon Combo!! Save tk. 27!!!

Click goo.gl/HZbZyP to get more exciting Combo Offers that too at a better price

Offer for www.shwapno.com only
Call 16469 (9am-7pm)",,photo,https://www.facebook.com/Shwapno.ACILL/photos/a.399106963477378.104125.399030656818342/1525240870863976/?type=3,2017-12-11 08:15:11,79,1,2,77,2,0,0,0,0,0,0.28,0.89,-1000.00,2.00,0.10,0.70
399030656818342_1521937621194301,"#WeekendOffer for Dhaka & Comilla
#HappyShopping

* Valid till 9 December",Photos from SHWAPNO's post,photo,https://www.facebook.com/Shwapno.ACILL/photos/a.399106963477378.104125.399030656818342/1521936294527767/?type=3,2017-12-07 15:56:31,549,9,15,536,6,5,0,1,1,0,0.00,0.00,-1000.00,1.00,-0.20,0.00
399030656818342_1521701511217912,"shwapno.com offers SPECIAL COMBOs. Save maximum tk.116 on SPECIAL COMBOs. Click goo.gl/RLkUmk to discover them with additional offers.

Offer valid till stock lasts
For www.shwapno.com only
Call 16469 (9am-7pm)",Photos from SHWAPNO's post,photo,https://www.facebook.com/Shwapno.ACILL/photos/a.399106963477378.104125.399030656818342/1521701371217926/?type=3,2017-12-07 10:17:40,174,3,1,172,1,0,1,0,0,0,0.18,0.88,-1000.00,2.00,0.20,0.73
399030656818342_1521698174551579,"shwapno.com offers SPECIAL COMBOs. Save maximum tk.116 on SPECIAL COMBOs. Click goo.gl/RLkUmk to discover them with additional offers.

Offer valid till stock lasts
For www.shwapno.com only
Call 16469 (9am-7pm)",,photo,https://www.facebook.com/Shwapno.ACILL/photos/a.399106963477378.104125.399030656818342/1521696421218421/?type=3,2017-12-07 10:13:05,159,0,3,155,3,0,1,0,0,0,0.18,0.88,-1000.00,2.00,0.20,0.73
399030656818342_1517971258257604,"Shwapno.com offers winter comforters at tk.1640 only! Click goo.gl/RLkUmk to grab the deal. 

Offer for www.shwapno.com only
Call 16469 (9am-7pm)",,video,https://www.facebook.com/Shwapno.ACILL/videos/1517971258257604/,2017-12-03 10:09:41,779,22,17,759,11,7,1,1,0,0,0.03,0.36,-1000.00,2.00,0.10,-0.45
399030656818342_1515134761874587,"#WeekendOffer for Dhaka & Comilla
#HappyShopping

* Valid till 2 December",Photos from SHWAPNO's post,photo,https://www.facebook.com/Shwapno.ACILL/photos/a.399106963477378.104125.399030656818342/1515132895208107/?type=3,2017-11-30 13:04:43,586,17,11,572,8,6,0,0,0,0,0.00,0.00,-1000.00,1.00,-0.20,0.00
399030656818342_1514990151889048,"shwapno.com এ প্রিমিয়াম মিনিকেট চাল কেজি প্রতি মাত্র ৪৯ টাকা!!

প্রিমিয়াম মিনিকেট চাল কেজি প্রতি ১৩ টাকা কমে ৬২ টাকার পরিবর্তে মাত্র ৪৯ টাকায়!!!

এই অফারসহ অন্যান্য অফার পেতে ক্লিক করুন goo.gl/AbXNpV লিংকে

শুধুমাত্র www.shwapno.com এর জন্যে প্রযোজ্য
কল করুন 16469 নম্বরে (সকাল ৯টা থেকে সন্ধ্যা ৭টা)",,photo,https://www.facebook.com/Shwapno.ACILL/photos/a.399106963477378.104125.399030656818342/1514989208555809/?type=3,2017-11-30 09:56:47,3150,180,76,3076,32,33,7,4,0,-2,0.00,0.00,-1000.00,2.00,0.10,-1000.00
399030656818342_1514988545222542,"shwapno.com এ ভিওলা সয়াবিন তেল ৫লিটারে ১০০ টাকা ছাড়!!!

৫৩০টাকার পরিবর্তে মাত্র ৪৩০টাকায়!!!

এই অফারসহ অন্যান্য অফার পেতে ক্লিক করুন goo.gl/AbXNpV লিংকে

শুধুমাত্র www.shwapno.com এর জন্যে প্রযোজ্য
কল করুন 16469 নম্বরে (সকাল ৯টা থেকে সন্ধ্যা ৭টা)",,photo,https://www.facebook.com/Shwapno.ACILL/photos/a.399106963477378.104125.399030656818342/1514987358555994/?type=3,2017-11-30 09:54:11,2122,79,37,2067,24,22,6,1,1,1,0.00,0.00,-1000.00,2.00,0.10,-1000.00
399030656818342_1514986405222756,"shwapno.com এ ম্যাগি নুডুলস কিনলে ডিম ফ্রি!!

২টি ম্যাগি ২ মিনিট কারি নুডুলস ৪৯৬ গ্রাম কিংবা ২টি ম্যাগি চিকেন নুডুলস ২৬০ গ্রাম কিনলেই পাচ্ছেন ১ হালি ডিম ফ্রি!

এই অফারসহ অন্যান্য অফার পেতে ক্লিক করুন goo.gl/AbXNpV লিংকে

শুধুমাত্র www.shwapno.com এর জন্যে প্রযোজ্য
কল করুন 16469 নম্বরে (সকাল ৯টা থেকে সন্ধ্যা ৭টা)",,photo,https://www.facebook.com/Shwapno.ACILL/photos/a.399106963477378.104125.399030656818342/1514981701889893/?type=3,2017-11-30 09:51:01,273,13,3,247,6,5,15,0,0,0,0.00,0.00,-1000.00,2.00,0.10,-1000.00
399030656818342_1514793258575404,"INTRODUCING ‘NAARI’ BY #SHWAPNOLIFE

When you are in the process of becoming you, you are your biggest celebration & each moment is yours. NAARI is you.

NAARI’s Kurti Collection is a mix of comfy & easy, everyday & everydayness. A pop of color & a bit of sparkle to live as better you everyday.",Naari by Shwapno Life,photo,https://www.facebook.com/Shwapno.ACILL/photos/a.1514791921908871.1073741906.399030656818342/1514793258575404/?type=3,2017-11-30 06:18:10,2869,19,16,2832,17,15,0,1,0,4,0.19,0.82,-1000.00,3.00,0.40,0.78
399030656818342_1511646028890127,"INTRODUCING ‘NAARI’ BY #SHWAPNOLIFE

When you are in the process of becoming you, you are your biggest celebration & each moment is yours. NAARI is you.

NAARI’s Kurti Collection is a mix of comfy & easy, everyday & everydayness. A pop of color & a bit of sparkle to live as better you everyday.

Concept & Direction: Sabbir Hasan Nasir
Art Direction: Fariduzzaman
DOP: Fahin Arafin
VFX & Editing: Fahin Arafin & Tahsin Hossain
Model: Sabrina Zaman Riba & Suzena Zafar
Makeup: Sohag Tanvir",Introducing “Naari” by #ShwapnoLife,video,https://www.facebook.com/Shwapno.ACILL/videos/1511646028890127/,2017-11-27 12:29:34,2196,20,106,2129,33,24,5,0,2,3,0.19,0.82,-1000.00,3.00,0.30,0.78
399030656818342_1511420702245993,,SHWAPNO's cover photo,photo,https://www.facebook.com/Shwapno.ACILL/photos/a.399067076814700.104099.399030656818342/1511420508912679/?type=3,2017-11-27 04:52:34,121,3,3,110,11,0,0,0,0,0,0.00,0.00,-1000.00,-1000.00,0.00,-1000.00
399030656818342_1511420378912692,"Thank you for making us no. 1 Superstore Brand again.
#Shwapno #BestSuperstoreBrand",,photo,https://www.facebook.com/Shwapno.ACILL/photos/a.399106963477378.104125.399030656818342/1511420288912701/?type=3,2017-11-27 04:51:55,7352,67,102,7202,78,46,16,5,1,4,0.00,0.08,-1000.00,2.00,0.00,0.58
399030656818342_1508832825838114,"BUY 1 GET 1 FREE by shwapno.com. 

Click goo.gl/YhGTEP to get them :)

*For www.shwapno.com only
*Call 16469 for details (9am-7pm)",,photo,https://www.facebook.com/Shwapno.ACILL/photos/a.754702427917828.1073741852.399030656818342/1508832802504783/?type=3,2017-11-24 07:27:22,1046,56,10,1029,5,8,2,1,1,0,0.30,0.79,-1000.00,1.00,0.20,0.57
399030656818342_1507997262588337,"www.shwapno.com থেকে ১০০০ টাকার বাজার করলেই ১টি ফুলকপি এবং ১টি বাঁধাকপি ফ্রি! তাছাড়া ফ্রি হোম ডেলিভারি তো থাকছেই। ক্লিক করুন goo.gl/YhGTEP লিংকে।

অফারটি শুধু shwapno.com এর জন্যে প্রযোজ্য
কল করুন 16469 (সকাল ৯টা থেকে সন্ধ্যা ৭টা)",,photo,https://www.facebook.com/Shwapno.ACILL/photos/a.399106963477378.104125.399030656818342/1507995025921894/?type=3,2017-11-23 09:19:28,2513,32,14,2352,16,3,138,1,1,2,0.00,0.00,-1000.00,2.00,0.10,-1000.00
399030656818342_1507153876006009,"অফার আর অফার!

শীতের সবজি, মাছ মাংস, চাল, তেল কি নেই এই shwapno.com এর অফারে? ক্লিক করুন goo.gl/nfQX9L লিংকে। 

শুধুমাত্র www.shwapno.com এর জন্যে প্রযোজ্য
কল করুন 16469 (৯টা থেকে ৭টা)
ফ্রি হোম ডেলিভারি",Special Offers,link,http://www.shwapno.com/pages/special-offers/pgid-1247288.aspx,2017-11-22 10:44:50,318,11,4,315,1,0,2,0,0,0,0.00,0.00,-1000.00,2.00,0.00,-1000.00
399030656818342_1506136696107727,,SHWAPNO's cover photo,photo,https://www.facebook.com/Shwapno.ACILL/photos/a.399067076814700.104099.399030656818342/917256551662414/?type=3,2017-11-21 07:27:56,519,10,2,508,7,3,1,0,0,0,0.00,0.00,-1000.00,-1000.00,0.00,-1000.00
399030656818342_1506130436108353,#DirectFromSource,#DirectFromSource,video,https://www.facebook.com/Shwapno.ACILL/videos/1506130436108353/,2017-11-21 07:20:58,287,0,28,273,4,7,1,0,0,2,0.00,0.00,-1000.00,-1000.00,-1000.00,-1000.00
399030656818342_1501765839878146,শীতের তরতাজা সব সবজির সাথে বিভিন্ন রকমের মাছ খুজছেন? চলে আসুন #Shwapno এ আর বেছে নিন আপনার পছন্দের সব মাছ আর শীতের সবজি।,,photo,https://www.facebook.com/Shwapno.ACILL/photos/a.399106963477378.104125.399030656818342/1501765763211487/?type=3,2017-11-16 13:06:22,247,6,9,243,1,2,0,0,0,1,0.00,0.00,-1000.00,2.00,0.00,-1000.00
399030656818342_1501632583224805,"লাউ চিংড়ির মানিকজোড়ে
জমবে মজা ঘরে ঘরে!!!

১কেজি গলদা চিংড়ি ৭০টাকা কমে মাত্র ৫২০টাকায় তাও আবার সাথে থাকছে ১পিস লাউ ফ্রি! অন্যান্য অফারসহ এই অফারটি পেতে ক্লিক করুন goo.gl/egeiTK লিংকে আর বাজারের ঝামেলা ছেড়ে দিন shwapno.com এর হাতে।

*অফারটি শুধুমাত্র www.shwapno.com এর জন্যে প্রযোজ্য
*কল করুন 16469 নম্বরে (সকাল ৯টা থেকে সন্ধ্যা ৭টা)",,photo,https://www.facebook.com/Shwapno.ACILL/photos/a.754702427917828.1073741852.399030656818342/1501632553224808/?type=3,2017-11-16 09:53:27,3884,40,36,3677,24,20,156,2,1,4,0.00,0.00,-1000.00,2.00,0.10,-1000.00
399030656818342_1498967796824617,"HALF দামে FULLকপি!!!

জোড়া মাত্র ২৫টাকায়। ক্লিক করুন goo.gl/N7V8bp লিংকে। shwapno.com এ শীত এবার আগেই এসে গেছে!

*শর্ত প্রযোজ্য
*শুধুমাত্র www.shwapno.com এর জন্যে
*কল করুন 16469 নম্বরে (সকাল ৯টা থেকে সন্ধ্যা ৭টা)",,photo,https://www.facebook.com/Shwapno.ACILL/photos/a.399106963477378.104125.399030656818342/1498964793491584/?type=3,2017-11-13 09:23:58,4255,105,41,4050,24,75,104,0,2,0,0.34,0.00,-1000.00,2.00,0.00,-1000.00
399030656818342_1495882683799795,"shwapno.com এ ৫০০ থেকে ১০০০ টাকার বাজার করলে পাচ্ছেন ৬টি ডিম ফ্রি!!! এবং ১০০০ বা তার বেশি টাকার বাজার করলে পাচ্ছেন ১২টি ডিম ফ্রি!!! ক্লিক করুন goo.gl/13stVG আর শুরু করে দিন কেনাকাটা :)

*শুধুমাত্র www.shwapno.com এর জন্যে প্রযোজ্য
*কল করুন 16469 নম্বরে (সকাল ৯টা থেকে সন্ধ্যা ৭টা)",বাজার করলেই ডিম ফ্রি!!!,video,https://www.facebook.com/Shwapno.ACILL/videos/1495882683799795/,2017-11-09 23:23:33,120,9,4,111,1,3,4,0,0,1,0.50,0.63,-1000.00,2.00,0.30,-1000.00
399030656818342_1495285380526192,"shwapno.com এ ৫০০ থেকে ১০০০ টাকার বাজার করলে পাচ্ছেন ৬টি ডিম ফ্রি!!! এবং ১০০০ বা তার বেশি টাকার বাজার করলে পাচ্ছেন ১২টি ডিম ফ্রি!!! ক্লিক করুন goo.gl/13stVG আর শুরু করে দিন কেনাকাটা :)

*শুধুমাত্র www.shwapno.com এর জন্যে প্রযোজ্য
*কল করুন 16469 নম্বরে (সকাল ৯টা থেকে সন্ধ্যা ৭টা)",Photos from SHWAPNO's post,photo,https://www.facebook.com/Shwapno.ACILL/photos/a.399106963477378.104125.399030656818342/1495277870526943/?type=3,2017-11-09 07:20:44,2834,72,29,2701,8,28,95,0,0,2,0.50,0.63,-1000.00,2.00,0.30,-1000.00
399030656818342_1494442557277141,"সপ্তাহ শেষ হতে না হতেই shwapno.com এর দুর্দান্ত সব অফার! 

ডিম প্রতি পিস মাত্র ৭টাকায়
স্বপ্ন প্রিমিয়াম মিনিকেট চাল প্রতি কেজি মাত্র ৫৭টাকায়
রোস্টের মুরগি প্রতি পিস মাত্র ১৩৫টাকায়
গরুর মাংস প্রিমিয়াম প্রতি কেজি মাত্র ৪৮৮টাকায়
ইলিশ মাছ (৫০০গ্রাম) প্রতি পিস মাত্র ৩৪০টাকায়
ভিওলা সয়াবিন তেল ৫লিটার মাত্র ৪৭০টাকায়
শিং মাছ প্রতি কেজি মাত্র ৪২৫টাকায়
ইন্ডিয়ান পিঁয়াজ প্রতি কেজি মাত্র ৫৫টাকায়
আলু প্রতি কেজি মাত্র ১৮টাকায়

 এছাড়াও অন্যান্য অফার পেতে ক্লিক করুন goo.gl/NRa2n1 লিংকে।

*অফারগুলো শুধুমাত্র www.shwapno.com এর জন্যে প্রযোজ্য
*কল করুন 16469 নম্বরে (সকাল ৯টা থেকে সন্ধ্যা ৭টা)",দুর্দান্ত অফার!!!,video,https://www.facebook.com/Shwapno.ACILL/videos/1494442557277141/,2017-11-08 07:42:07,1121,41,65,1099,8,4,9,0,1,0,0.00,0.00,-1000.00,2.00,0.10,-1000.00
399030656818342_1493370764050987,"Gifted Children are now part of Shwapno Family
Embrace them with Love & Care
#GiftedAreOurChildren",,photo,https://www.facebook.com/Shwapno.ACILL/photos/a.399106963477378.104125.399030656818342/1493369247384472/?type=3,2017-11-07 00:12:39,117,0,15,111,5,0,0,0,0,1,0.50,0.87,-1000.00,2.00,0.90,0.92
399030656818342_1492738160780914,"জেনে নিন কমলা, পেয়ারা, নাশপাতি, টমেটো, ধনেপাতা সহ অন্যান্য ফলমূল শাকসবজির গুনাগুণ এবং কিনে নিন www.shwapno.com থেকে তাও আবার সবার থেকে কম মুল্যে!

অফারগুলো পেতে ক্লিক করুন goo.gl/QsJNGQ লিংকে

*কল করুন 16469 নম্বরে (সকাল ৯টা থেকে সন্ধ্যা ৭টা)",Nutrition Facts!,video,https://www.facebook.com/Shwapno.ACILL/videos/1492738160780914/,2017-11-06 06:57:54,827,5,177,806,12,4,4,0,0,1,0.00,0.00,-1000.00,2.00,0.10,-1000.00
399030656818342_1491726070882123,"In our continuous process of delivering Safe Food, we have always ensured to give you the best.

#Shwapno #JellyFreePrawn",#Shwapno #JellyFreePrawn,video,https://www.facebook.com/Shwapno.ACILL/videos/1491726070882123/,2017-11-05 02:14:55,188,0,36,176,1,1,0,1,9,0,0.75,0.80,-1000.00,3.00,0.80,0.93
399030656818342_1490313734356690,"গলদা চিংড়ি মাঝারি প্রতি কেজি ১০০ টাকা কমে মাত্র ৫৫০ টাকায়
ছোট ইলিশ ২ পিস ৬০ টাকা কমে মাত্র ৭০০ টাকায়
হাঁসের মাংস প্রতি কেজি ৩৫ টাকা কমে মাত্র ৩৬০ টাকায়
ব্রয়লার মুরগি (চামড়া ছাড়া) প্রতি কেজি ২৬ টাকা কমে মাত্র ২১৪ টাকায়
কোয়েলের মাংস ৪ পিস ২৮ টাকা কমে মাত্র ১৭২ টাকায়

অফারগুলো পেতে ক্লিক করুন goo.gl/QrUZXe লিংকে

শুধুমাত্র www.shwapno.com এর জন্য প্রযোজ্য
কল করুন 16469 নম্বরে (সকাল ৯টা থেকে সন্ধ্যা ৭টা)",Photos from SHWAPNO's post,photo,https://www.facebook.com/Shwapno.ACILL/photos/a.399106963477378.104125.399030656818342/1490309751023755/?type=3,2017-11-03 11:44:04,407,12,3,400,2,2,3,0,0,0,0.00,0.00,-1000.00,1.00,0.10,-1000.00
399030656818342_1490199887701408,"www.shwapno.com এ  পাবেন 

প্রিমিয়াম মিনিকেট চাল ৪টাকা কমে ৫৮টাকা প্রতি কেজি!
চিনিগুড়া চাল ১০টাকা কমে ৮৫টাকা প্রতি কেজি!!

অন্যান্য সব অফার পেতে ক্লিক করুন goo.gl/QrUZXe লিংকে।

শুধুমাত্র shwapno.com এর জন্যে প্রযোজ্য
কল করুন 16469 নম্বরে (সকাল ৯টা থেকে সন্ধ্যা ৭টা)",,photo,https://www.facebook.com/Shwapno.ACILL/photos/a.399106963477378.104125.399030656818342/1490196501035080/?type=3,2017-11-03 09:02:05,204,2,2,202,2,0,0,0,0,0,0.00,0.00,-1000.00,2.00,0.10,-1000.00
399030656818342_1489363964451667,"কাঁচা মরিচ ১২০ টাকা প্রতি কেজির পরিবর্তে মাত্র ৬০টাকা!
লম্বা লেবু ৯ টাকা প্রতি পিসের পরিবর্তে মাত্র ৫টাকা!!
লাল শাক ১৬ টাকা প্রতি আটির পরিবর্তে মাত্র ১০টাকা!!!

এই অফারগুলো ছাড়াও অন্যান্য অফারগুলো পেতে ক্লিক করুন goo.gl/QZRSDi লিংকে

শর্ত প্রযোজ্য
*অফারগুলো কেবলমাত্র www.shwapno.com এর জন্যে
*কল করুন 16469 নম্বরে (সকাল ৯টা থেকে সন্ধ্যা ৭টা পর্যন্ত)",,photo,https://www.facebook.com/Shwapno.ACILL/photos/a.399106963477378.104125.399030656818342/1489360977785299/?type=3,2017-11-02 09:24:44,792,39,9,765,10,7,8,0,1,1,0.00,0.00,-1000.00,2.00,0.10,-1000.00
399030656818342_1489330214455042,"শায়েস্তা খাঁ'র দামে চান পেঁয়াজ?
তবে shwapno.com এ দিন আওয়াজ!!!

পেঁয়াজ ইন্ডিয়ান প্রতি কেজি ১১ টাকা কমে মাত্র ৫৫ টাকায় এবং পেঁয়াজ দেশী প্রতি কেজি ৫টাকা কমে মাত্র ৮০ টাকায়! অফারটি পেতে ক্লিক করুন goo.gl/QZRSDi লিংকে

এছাড়াও থাকছে 
স্বপ্ন প্রিমিয়াম মিনিকেট চাল ৬২ টাকা প্রতি কেজির পরিবর্তে মাত্র ৫৮টাকা প্রতি কেজি, 
চিনিগুড়া চাল ৯৫ টাকা প্রতি কেজির পরিবর্তে মাত্র ৮৫টাকা প্রতি কেজি, 
কাঁচা মরিচ ১২০ টাকা প্রতি কেজির পরিবর্তে মাত্র ৬০টাকা কেজি, 
লম্বা লেবু ৯ টাকা প্রতি পিসের পরিবর্তে মাত্র ৫টাকা প্রতি পিস, 
লাল শাক ১৬ টাকা প্রতি আটির পরিবর্তে মাত্র ১০টাকা প্রতি আটি

*শর্ত প্রযোজ্য
*অফারগুলো কেবলমাত্র www.shwapno.com এর জন্যে
*কল করুন 16469 নম্বরে (সকাল ৯টা থেকে সন্ধ্যা ৭টা পর্যন্ত)",,photo,https://www.facebook.com/Shwapno.ACILL/photos/a.399106963477378.104125.399030656818342/1489316584456405/?type=3,2017-11-02 08:34:43,5553,131,124,4906,24,60,538,4,15,6,0.00,0.00,-1000.00,2.00,0.00,-1000.00
399030656818342_1483902391664491,"ওয়েটনেস ইন্ডিকেটার যুক্ত Savlon Twinkle Baby Diaper ১টি কিনলে ১টি ফ্রি!!! 

অফারটি পেতে ক্লিক করুন goo.gl/7wFrN4 লিংকে

স্টক সীমিত

এই অফারের থেকে ভালো আর কি বা হতে পারে?

*স্মল সাইজ (৩-৭ কেজি) ৩০ পিস ৭০০ টাকা
*মিডিয়াম সাইজ (৫-৯ কেজি) ২৮ পিস ৭০০ টাকা
*লার্জ সাইজ (৭-১৮ কেজি) ২৬ পিস ৭৫০ টাকা
*এক্সএল সাইজ (১১-২৫ কেজি) ২৪ পিস ৭৫০ টাকা

কল করুন ১৬৪৬৯ নম্বরে (সকাল ৯টা থেকে সন্ধ্যা ৭টা)

অফারটি শুধুমাত্র www.shwapno.com এর জন্যে প্রযোজ্য",,photo,https://www.facebook.com/Shwapno.ACILL/photos/a.754702427917828.1073741852.399030656818342/1483902338331163/?type=3,2017-10-27 10:01:18,274,49,7,269,1,2,1,0,0,1,0.00,0.00,-1000.00,2.00,0.10,-1000.00
399030656818342_1482954565092607,"ঘুরে ফিরে সপ্তাহের শেষ
বাজার হবে shwapno.com এ বেশ!

ইলিশ মাছ, গরুর মাংস, খাসির মাংস, হাঁসের মাংস, রোস্টের মুরগী, বাগদা চিংড়ি, পাবদা মাছ, স্বপ্ন প্রিমিয়াম মিনিকেট চাল, আলু, পিঁয়াজ,  ভিওলা সয়াবিন তেল, এসিআই আটা, ময়দা সহ নানান রকম ফল ও সবজির উপর থাকছে অভাবনীয় ডিসকাউন্ট 

অফারগুলো পেতে ক্লিক করুন https://goo.gl/Bk638y লিংকে

*শর্ত প্রযোজ্য
*কল করুন ১৬৪৬৯ নম্বরে (সকাল ৯টা থেকে সন্ধ্যা ৭টা পর্যন্ত)
*শুধুমাত্র www.shwapno.com এর জন্যে প্রযোজ্য",Photos from SHWAPNO's post,photo,https://www.facebook.com/Shwapno.ACILL/photos/a.399106963477378.104125.399030656818342/1482941998427197/?type=3,2017-10-26 09:24:52,3155,88,56,3111,14,24,2,0,1,3,0.00,0.00,-1000.00,2.00,0.10,-1000.00
399030656818342_1478672118854185,"Savlon নিয়ে এলো ওয়েটনেস ইন্ডিকেটার যুক্ত Twinkle Baby Diaper যা shwapno.com থেকে ১টি কিনলে পাচ্ছেন আর ১টি সম্পূর্ণ ফ্রি!!! 

সীমিত সময়ের জন্যে কেবলমাত্র www.shwapno.com এ

অফারটি পেতে ক্লিক করুন https://goo.gl/W9GdoZ লিংকে

*কল করুন 16469 নম্বরে (সকাল ৯টা থেকে সন্ধ্যা ৭টা)
*স্টক সীমিত",,photo,https://www.facebook.com/Shwapno.ACILL/photos/a.399106963477378.104125.399030656818342/1478666638854733/?type=3,2017-10-21 11:08:42,161,20,1,159,0,0,1,0,0,1,0.00,0.00,-1000.00,2.00,0.20,-1000.00
399030656818342_1478655088855888,"CALL OF DUTY...
www.shwapno.com",Photos from SHWAPNO's post,photo,https://www.facebook.com/Shwapno.ACILL/photos/a.399106963477378.104125.399030656818342/1478654572189273/?type=3,2017-10-21 10:43:56,217,8,8,210,6,0,0,0,0,1,0.00,0.00,-1000.00,2.00,0.10,0.00
399030656818342_1477400018981395,"এমন অফার shwapno.com এ ছাড়া কোথাও মিলবে না!!!

ওয়েটনেস ইন্ডিকেটার যুক্ত Savlon Twinkle Baby Diaper ১টি কিনলে ১টি ফ্রি!!! 
অফারটি পেতে ক্লিক করুন goo.gl/rynW47

*কল করুন ১৬৪৬৯ নম্বরে (সকাল ৯টা থেকে সন্ধ্যা ৭টা)
*অফারটি কেবল www.shwapno.com এর জন্যে প্রযোজ্য",,photo,https://www.facebook.com/Shwapno.ACILL/photos/a.754702427917828.1073741852.399030656818342/1477399978981399/?type=3,2017-10-19 23:27:35,667,63,13,653,4,6,2,0,0,2,0.00,0.00,-1000.00,2.00,0.10,-1000.00
399030656818342_1476995289021868,,SHWAPNO's cover photo,photo,https://www.facebook.com/Shwapno.ACILL/photos/a.399067076814700.104099.399030656818342/1476995242355206/?type=3,2017-10-19 12:16:39,188,0,3,187,1,0,0,0,0,0,0.00,0.00,-1000.00,-1000.00,0.00,-1000.00
399030656818342_1476905079030889,"সপ্তাহের শেষ আর ডিসকাউন্টের শুরু

shwapno.com এ ২১ তারিখ পর্যন্ত চলবে দুর্দান্ত ডিসকাউন্ট। বুঝে নিন আপনার পছন্দের অফারটি;

পিঁয়াজ (ইন্ডিয়ান) প্রতি কেজি মাত্র ৫০ টাকায়!
স্বপ্ন প্রিমিয়াম মিনিকেট চাল প্রতি কেজি মাত্র ৬০ টাকায়!!
আলু প্রতি কেজি মাত্র ১৮ টাকায়!!!
ভিওলা সয়াবিন তেল ৫ লিটার মাত্র ৪৭০ টাকায়!!!!

ক্লিক করুন https://goo.gl/jsXmZp লিংক এ

তাছাড়াও ডিম, রোস্টের মুরগি, দেশী রুই মাছ, কচুর মুখি, চিনি চম্পা কলায় থাকছে মূল্যহ্রাস

*কল করুন ১৬৪৬৯ নম্বরে (সকাল ৯টা থেকে সন্ধ্যা ৭টা)
*অফারগুলো কেবল www.shwapno.com এর জন্যে প্রযোজ্য",Photos from SHWAPNO's post,photo,https://www.facebook.com/Shwapno.ACILL/photos/a.399106963477378.104125.399030656818342/1476891915698872/?type=3,2017-10-19 10:02:40,4150,44,16,4100,18,8,17,2,1,4,0.00,0.00,-1000.00,2.00,0.10,-1000.00
399030656818342_1476107225777341,"www.shwapno.com এ গেলেই কেবল এমন দুর্দান্ত অফার পাওয়া সম্ভব!

কচুর মুখি প্রতি কেজি মাত্র ২২ টাকায়!
চিনি চম্পা কলা প্রতি পিস মাত্র ৩ টাকায়!
দেশী রুই মাছ (১-২ কেজি) মাত্র ১৯৯ টাকায়!
রোস্টের মুরগি প্রতি পিস মাত্র ১১৫ টাঁকায়!

অফারগুলো পেতে ক্লিক করুন http://bit.ly/2fxZQyd

এ যেন মহোৎসবের থেকেও বেশী কিছু!!! 

*কল করুন ১৬৪৬৯ নম্বরে (সকাল ৯টা থেকে সন্ধ্যা ৭টা পর্যন্ত)
*শুধুমাত্র shwapno.com এর ক্ষেত্রে প্রযোজ্য
*মেয়াদ ২১শে অক্টোবর পর্যন্ত",Photos from SHWAPNO's post,photo,https://www.facebook.com/Shwapno.ACILL/photos/a.399106963477378.104125.399030656818342/1476100362444694/?type=3,2017-10-18 10:54:43,3589,80,43,3528,18,30,6,1,4,2,0.00,0.00,-1000.00,2.00,0.10,-1000.00
399030656818342_1475170072537723,#SHWAPNO,SHWAPNO,video,https://www.facebook.com/Shwapno.ACILL/videos/1475137969207600/,2017-10-17 07:57:24,122,1,0,111,9,1,0,1,0,0,0.00,0.00,-1000.00,-1000.00,0.00,-1000.00
399030656818342_1475137969207600,"#GiftedAreOurChildren
Gifted Children are now part of Shwapno Family",#GiftedAreOurChildren,video,https://www.facebook.com/Shwapno.ACILL/videos/1475137969207600/,2017-10-17 07:17:36,8756,186,1438,7842,694,167,10,22,4,17,0.50,0.00,-1000.00,2.00,0.30,0.79
399030656818342_1469917853062945,,SHWAPNO's cover photo,photo,https://www.facebook.com/Shwapno.ACILL/photos/a.399067076814700.104099.399030656818342/1332649623456436/?type=3,2017-10-11 05:15:24,285,1,2,282,3,0,0,0,0,0,0.00,0.00,-1000.00,-1000.00,0.00,-1000.00
399030656818342_1458183620903035,"#SHWAPNO_CHICKEN 

Safe & Healthy, no Chromium and no Antibiotic Residue. As Nature Intended it to be 

Safe Food is a Human Right...",,photo,https://www.facebook.com/Shwapno.ACILL/photos/a.399106963477378.104125.399030656818342/1458183450903052/?type=3,2017-09-26 13:22:50,154,4,2,152,1,0,1,0,0,0,0.20,0.62,-1000.00,2.00,0.40,0.76
399030656818342_1452864781434919,"~মৌসুম এর সেরা ইলিশ স্বপ্নে~
শুরু হয়ে গেছে স্বপ্ন ইলিশ উৎসব!

বাঙ্গালিয়ানা মানেই ইলিশ। আর দেশের প্রসিদ্ধ সব উৎস থেকে আমরা আপনাদের জন্য নিয়ে এসেছি মৌসুম এর সেরা ইলিশ!

পাওয়া যাচ্ছে বিভিন্ন ওজনেঃ
৪০০ গ্রাম+ (পিস হিসেবে)
৬০০-৭০০ গ্রাম (পিস হিসেবে)
৭০০-৮০০ গ্রাম (পিস হিসেবে)
৮০০-৯০০ গ্রাম (পিস হিসেবে)
৯০০ গ্রাম+ (পিস হিসেবে)
৯০০ গ্রাম–১ কেজি (কেজি দরে)
১.২-১.৪ কেজি (কেজি দরে)
১.৫-১.৮ কেজি (কেজি দরে)
১.৮-২ কেজি (কেজি দরে)
২ কেজি + (কেজি দরে)
মৌসুম এর সেরা ইলিশের স্বাদ নিতে চলে আসুন স্বপ্নে আর বেছে নিন আপনার পছন্দমত ওজনের সুস্বাদু তাজা ইলিশ!",স্বপ্ন ইলিশ উৎসব ~ মৌসুম এর সেরা ইলিশ স্বপ্নে #ShwapnoIlishUtshob,video,https://www.facebook.com/Shwapno.ACILL/videos/1452864781434919/,2017-09-19 23:01:22,87,3,8,83,1,3,0,0,0,0,0.00,0.00,-1000.00,2.00,0.10,-1000.00
399030656818342_1452217918166272,"~মৌসুম এর সেরা ইলিশ স্বপ্নে~
শুরু হয়ে গেছে স্বপ্ন ইলিশ উৎসব!

বাঙ্গালিয়ানা মানেই ইলিশ। আর দেশের প্রসিদ্ধ সব উৎস থেকে আমরা আপনাদের জন্য নিয়ে এসেছি মৌসুম এর সেরা ইলিশ।

পাওয়া যাচ্ছে বিভিন্ন ওজনেঃ
৪০০ গ্রাম+ (পিস হিসেবে)
৬০০-৭০০ গ্রাম (পিস হিসেবে)
৭০০-৮০০ গ্রাম (পিস হিসেবে)
৮০০-৯০০ গ্রাম (পিস হিসেবে)
৯০০ গ্রাম+ (পিস হিসেবে)
৯০০ গ্রাম–১ কেজি (কেজি দরে)
১.২-১.৪ কেজি (কেজি দরে)
১.৫-১.৮ কেজি (কেজি দরে)
১.৮-২ কেজি (কেজি দরে)
২ কেজি + (কেজি দরে)
মৌসুম এর সেরা ইলিশের স্বাদ নিতে চলে আসুন স্বপ্নে আর বেছে নিন আপনার পছন্দমত ওজনের সুস্বাদু তাজা ইলিশ।",SHWAPNO's cover photo,photo,https://www.facebook.com/Shwapno.ACILL/photos/a.399067076814700.104099.399030656818342/1452217748166289/?type=3,2017-09-19 05:48:58,89,2,1,85,3,0,0,0,0,1,0.00,0.00,-1000.00,2.00,0.10,-1000.00
399030656818342_1445258502195547,"The meaty holiday said goodbye and left us to deal with meat overload aftereffects... and now we all need a #detox_plan to feel lighter and bounce back to life...

#SHWAPNO_HEALTHLINE brings you really easy and convenient #detox_hacks to kickstart your post-holiday detox plan!

#SurviveMeatOverload
#DetoxYourBody
#StayHealthfulEveryday",Photos from SHWAPNO's post,photo,https://www.facebook.com/Shwapno.ACILL/photos/a.399106963477378.104125.399030656818342/1445256665529064/?type=3,2017-09-11 10:43:53,108,2,11,105,2,1,0,0,0,0,0.18,0.57,-1000.00,1.00,0.70,0.05
399030656818342_1444212278966836,#ForHumanity,,photo,https://www.facebook.com/Shwapno.ACILL/photos/a.754702427917828.1073741852.399030656818342/1444212245633506/?type=3,2017-09-10 03:32:28,1329,25,119,1272,46,9,1,1,0,0,0.00,0.00,-1000.00,-1000.00,0.00,-1000.00
399030656818342_1442481275806603,#FORHUMANITY,,photo,https://www.facebook.com/Shwapno.ACILL/photos/a.399106963477378.104125.399030656818342/1442481175806613/?type=3,2017-09-08 05:12:55,382,7,8,355,17,4,6,0,0,0,0.00,0.00,-1000.00,-1000.00,0.00,-1000.00
399030656818342_1442441342477263,#ForHumanity,,photo,https://www.facebook.com/Shwapno.ACILL/photos/a.399106963477378.104125.399030656818342/1442441095810621/?type=3,2017-09-08 04:08:52,527,5,70,499,21,0,0,7,0,0,0.00,0.00,-1000.00,-1000.00,0.00,-1000.00
399030656818342_1438860686168662,"The Eid Season is not over yet... and you are looking for some recipe to break the monotony...and VOILA! 

#ShwapnoFoodBuzz brings you Special Recipe for your post-Eid culinary adventure!

Try this yummylicious #Grilled_Beef_Kabob recommended by our House Chef and let us know how your loved ones enjoyed it... :)

*Ingredients (except for the meat) are at your reach at all #SHWAPNO outlets.",#Grilled_Beef_Kabob,video,https://www.facebook.com/Shwapno.ACILL/videos/1438860686168662/,2017-09-03 14:24:22,80,0,6,77,2,1,0,0,0,0,0.41,0.95,-1000.00,3.00,0.60,0.93
399030656818342_1438855199502544,"The Eid Season is not over yet... and you are looking for some recipe to break the monotony...and VOILA! 

#ShwapnoFoodBuzz brings you Special Recipe for your post-Eid culinary adventure!

Try this yummylicious #Mongolian_Beef_Fry recommended by our House Chef and let us know how your loved ones enjoyed it... :)

*Ingredients (except for the meat) are at your reach at all #SHWAPNO outlets.",#Mongolian_Beef_Fry,video,https://www.facebook.com/Shwapno.ACILL/videos/1438855199502544/,2017-09-03 14:17:01,45,0,6,44,1,0,0,0,0,0,0.41,0.95,-1000.00,3.00,0.60,0.93
399030656818342_1438850426169688,"The Eid Season is not over yet... and you are looking for some recipe to break the monotony...and VOILA! 

#ShwapnoFoodBuzz brings you Special Recipe for your post-Eid culinary adventure!

Try this yummylicious #ShwapnoFoodBuzz_Special_Smokey_Beef_Curry recommended by our House Chef and let us know how your loved ones enjoyed it... :)

*Ingredients (except for the meat) are at your reach at all #SHWAPNO outlets.",#ShwapnoFoodBuzz #Special_Smokey_Beef_Curry,video,https://www.facebook.com/Shwapno.ACILL/videos/1438850426169688/,2017-09-03 14:10:26,35,0,6,33,2,0,0,0,0,0,0.41,0.95,-1000.00,3.00,0.60,0.93
399030656818342_1438841162837281,"The Eid Season is not over yet... and you are looking for some recipe to break the monotony...and VOILA! 

#ShwapnoFoodBuzz brings you Special Recipe for your post-Eid culinary adventure!

Try this yummylicious #Afgani_Biriyani recommended by our House Chef and let us know how your loved ones enjoyed it... :)

*Ingredients (except for the meat) are at your reach at all #SHWAPNO outlets.",#Afgani_Biriyani,video,https://www.facebook.com/Shwapno.ACILL/videos/1438841162837281/,2017-09-03 14:04:23,37,0,5,34,3,0,0,0,0,0,0.41,0.95,-1000.00,3.00,0.60,0.93
399030656818342_1436933499694714,"~May you have a happy and blessed EID~

#SHWAPNO #eiduladha 2017",Timeline Photos,photo,https://www.facebook.com/Shwapno.ACILL/photos/a.399106963477378.104125.399030656818342/1436933499694714/?type=3,2017-09-01 11:00:55,174,0,17,170,3,1,0,0,0,0,0.80,0.82,-1000.00,3.00,0.90,0.88
399030656818342_1433336833387714,~LET YOUR SENSIBILITY DIGNIFY YOUR SACRIFICE~,»» EID-UL-AZHA HYGIENE CHECK ««,photo,https://www.facebook.com/Shwapno.ACILL/photos/a.1432191183502279.1073741897.399030656818342/1433336833387714/?type=3,2017-08-28 09:37:30,95,0,23,92,3,0,0,0,0,0,0.00,0.42,-1000.00,1.00,-0.20,0.00
399030656818342_1432191243502273,~LET YOUR SENSIBILITY DIGNIFY YOUR SACRIFICE~,»» EID-UL-AZHA HYGIENE CHECK ««,photo,https://www.facebook.com/Shwapno.ACILL/photos/a.1432191183502279.1073741897.399030656818342/1432191243502273/?type=3,2017-08-27 01:31:22,95,0,23,92,3,0,0,0,0,0,0.00,0.42,-1000.00,1.00,-0.20,0.00
399030656818342_1431268650261199,"Visit our Beta site www.shwapno.com and enjoy 5% Flat Discount on your Total Invoice. Apply promo code ""BETA5"" to avail the Discount.

Call 16469 for query/feedback.

*Applicable for Shwapno’s Online Store only.",Timeline Photos,photo,https://www.facebook.com/Shwapno.ACILL/photos/a.399106963477378.104125.399030656818342/1431268650261199/?type=3,2017-08-25 23:13:06,1526,15,34,1511,8,4,3,0,0,0,0.09,0.49,-1000.00,2.00,0.30,0.20
399030656818342_1429062127148518,,,status,,2017-08-24 03:31:00,42,0,0,42,0,0,0,0,0,0,0.00,0.00,-1000.00,-1000.00,0.00,-1000.00
399030656818342_1428230523898345,,,status,,2017-08-23 02:17:21,39,0,0,39,0,0,0,0,0,0,0.00,0.00,-1000.00,-1000.00,0.00,-1000.00
399030656818342_1427603767294354,"Feeling dull in a late monsoon evening?
#ShwapnoFoodBuzz is here to lift up your mood!
Try our real #quick and #easy #salad #recipes to turn your evening into a little more than appetizing… 

Here goes the #TropicalDelightSalad!

Indulge yourself with the #tasty and #nutrient rich #tropical style salad made of #fresh and #healthy #ingredients - enjoy the evening with your family, friends and loved ones!

*Ingredients are at your reach at all #SHWAPNO outlets.",#Tropical_Delight_Salad,video,https://www.facebook.com/Shwapno.ACILL/videos/1427603767294354/,2017-08-22 06:58:39,74,0,0,72,2,0,0,0,0,0,0.19,0.93,-1000.00,3.00,0.10,-0.26
399030656818342_1427599903961407,"Feeling dull in a late monsoon evening?
#ShwapnoFoodBuzz is here to lift up your mood!
Try our real #quick and #easy #salad #recipes to turn your evening into a little more than appetizing… 

Here goes the #GreekSalad!
Indulge yourself with the #tangy and #crunchy delight of #Greek style salad made of #fresh and #healthy #ingredients - enjoy the evening with your family, friends and loved ones!

*Ingredients are at your reach at all #SHWAPNO outlets.",#Greek_Salad,video,https://www.facebook.com/Shwapno.ACILL/videos/1427599903961407/,2017-08-22 06:50:28,57,0,1,56,1,0,0,0,0,0,0.17,0.93,-1000.00,3.00,0.10,-0.25
399030656818342_1426795144041883,"~EAT THE BIGGEST AND THE BEST~
#SHWAPNO #BIGFISH 
#COMMWARD2017 #WINNER 
#GOLD IN #PRINT CATEGORY
#BANGLADESHBRANDFORUM",,photo,https://www.facebook.com/Shwapno.ACILL/photos/a.399106963477378.104125.399030656818342/1426792747375456/?type=3,2017-08-21 06:43:49,123,0,5,120,2,0,1,0,0,0,1.00,0.00,-1000.00,1.00,0.90,-0.66
399030656818342_1422564424464955,"Antibiotic is not always good... specially when the antibiotic residue remains in your chicken.

Eat #SAFE and #HEALTHY #AntibioticResidueFree #SHWAPNO #Chicken - #BestinTown 

Stay #SAFEandHEALTHY

#SafeFood is a #Human #Right",Timeline Photos,photo,https://www.facebook.com/Shwapno.ACILL/photos/a.399106963477378.104125.399030656818342/1422564424464955/?type=3,2017-08-16 09:14:05,45,0,1,45,0,0,0,0,0,0,0.15,0.00,-1000.00,2.00,0.30,-0.00
399030656818342_1422173864504011,"#SAFE And #HEALTHY  #AntibioticResidueFree #SHWAPNO #Chicken

#BestinTown 

#SafeFood is a #Human #Right

Stay #SAFEandHEALTHY",Timeline Photos,photo,https://www.facebook.com/Shwapno.ACILL/photos/a.399106963477378.104125.399030656818342/1422173864504011/?type=3,2017-08-15 22:48:46,65,0,4,65,0,0,0,0,0,0,0.00,0.00,-1000.00,3.00,0.20,0.00
399030656818342_1420287268026004,"রোগবালাই মুক্ত মুরগীর জন্য অ্যান্টিবায়োটিক অত্যন্ত গুরুত্বপূর্ণ। আর এই  অ্যান্টিবায়োটিক এর সঠিক মাত্রা এবং সেবনবিধি মেনে চলাটাও সমান ভাবে গুরুত্বপূর্ণ। কারন সচেতনতার অভাবে অ্যান্টিবায়োটিক রেসিডিউ থেকে শরীরে বাসা বাঁধতে পারে নানান মারণব্যাধি।

স্বপ্ন’তে আমরা নিশ্চিত করি যেন ক্রেতার কাছে পৌঁছানোর নির্দিষ্ট সময় আগে থেকেই অ্যান্টিবায়োটিক দেয়া বন্ধ করা হয় এবং শুধুমাত্র নির্দিষ্ট সময় অতিক্রান্ত হওয়ার পরই সম্পূর্ণ অ্যান্টিবায়োটিক মুক্ত নিরাপদ মুরগীই ক্রেতার কাছে পৌঁছায়।

কারন আমরা বিশ্বাস করি – নিরাপদ খাদ্য সকলের অধিকার~

#SafeFood is a #HumanRight
#Shwapno #EverydayBetterLife
#Safe_and_Healthy #SHWAPNO_Chicken",,photo,https://www.facebook.com/Shwapno.ACILL/photos/a.399106963477378.104125.399030656818342/1420286404692757/?type=3,2017-08-14 02:13:01,116,5,2,114,0,1,1,0,0,0,-0.60,0.00,-1000.00,1.00,0.00,0.00
399030656818342_1419727171415347,"Even if your chicken is raised safe and healthy, unsafe processing can make it hazardous to health...

Here goes the list of principal foodborne disease organism which can grow on your chicken due to unsafe processing...

Eat #SAFE and #HEALTHY  #NaturallyRaised and #SafelyProcessed #SHWAPNO #Chicken #BestinTown 

#SafeFood is a #Human #Right

Stay #SAFEandHEALTHY",Timeline Photos,photo,https://www.facebook.com/Shwapno.ACILL/photos/a.399106963477378.104125.399030656818342/1419727171415347/?type=3,2017-08-13 12:39:23,49,0,1,48,0,1,0,0,0,0,0.05,0.68,-1000.00,1.00,-0.50,-0.02
399030656818342_1419398188114912,"#SAFE and #HEALTHY  #NaturallyRaised and #SafelyProcessed #SHWAPNO #Chicken

#BestinTown 

#SafeFood is a #Human #Right

Stay #SAFEandHEALTHY",Timeline Photos,photo,https://www.facebook.com/Shwapno.ACILL/photos/a.399106963477378.104125.399030656818342/1419398188114912/?type=3,2017-08-13 05:27:04,34,1,2,33,0,0,0,0,1,0,0.00,0.00,-1000.00,3.00,0.10,0.00
399030656818342_1418361434885254,"*Major health hazards caused by #chromium that everyone needs to know about*

Eat #SAFE and #HEALTHY #ChromiumFree #SHWAPNO #Chicken - #BestinTown

Stay #SAFEandHEALTHY

#SafeFood is a #Human #Right",Timeline Photos,photo,https://www.facebook.com/Shwapno.ACILL/photos/a.399106963477378.104125.399030656818342/1418361434885254/?type=3,2017-08-12 03:41:58,47,2,4,47,0,0,0,0,0,0,0.06,0.00,-1000.00,1.00,0.00,0.00
399030656818342_1418262704895127,"#SAFE and #HEALTHY Chromium Free #SHWAPNO #Chicken
#BestinTown
#SafeFood is a #Human #Right
Stay #SAFEandHEALTHY",Timeline Photos,photo,https://www.facebook.com/Shwapno.ACILL/photos/a.399106963477378.104125.399030656818342/1418262704895127/?type=3,2017-08-12 00:51:45,62,2,2,62,0,0,0,0,0,0,0.40,0.51,-1000.00,3.00,0.60,0.00
399030656818342_1417398968314834,"So what new dish you are trying this weekend?
#ShwapnoFoodBuzz has got an idea for you!
Here goes #Chicken_Noodle_Moussaka!

Indulge yourself with the meaty delight of  #Moussaka - an inspiration from Greece and enjoy the weekend with your family, friends and loved ones!

*Ingredients are at your reach at all #SHWAPNO outlets.",#Chicken_Noodle_Moussaka,video,https://www.facebook.com/Shwapno.ACILL/videos/1417398968314834/,2017-08-11 02:54:15,223,4,10,219,3,0,1,0,0,0,0.50,0.96,-1000.00,3.00,0.30,0.76
399030656818342_1417380778316653,"ভেবে দেখছেন কি - আপনার মুরগী কি খায়?
আমরা ভাবছি, কারন আমরা বিশ্বাস করি – নিরাপদ খাদ্য সকলের অধিকার~
#SafeFood is a #HumanRight
#Shwapno #EverydayBetterLife
#Safe_and_Healthy #SHWAPNO_Chicken",,photo,https://www.facebook.com/Shwapno.ACILL/photos/a.399106963477378.104125.399030656818342/1417378841650180/?type=3,2017-08-11 00:41:48,188,3,10,178,0,1,9,0,0,0,-0.60,0.00,-1000.00,2.00,0.00,0.00
399030656818342_1416568791731185,We sow #dreams to harvest a #BetterLifeEveryday,Timeline Photos,photo,https://www.facebook.com/Shwapno.ACILL/photos/a.399106963477378.104125.399030656818342/1416568791731185/?type=3,2017-08-09 23:54:48,87,1,6,87,0,0,0,0,0,0,0.00,0.00,-1000.00,1.00,0.00,0.00
399030656818342_1415742841813780,"We are on a #mission to #SaveDreamsImproveLives 
#SHWAPNO",Timeline Photos,photo,https://www.facebook.com/Shwapno.ACILL/photos/a.399106963477378.104125.399030656818342/1415742841813780/?type=3,2017-08-08 23:51:13,107,3,2,107,0,0,0,0,0,0,0.00,0.00,-1000.00,2.00,0.10,0.50
399030656818342_1414109985310399,"~here to ensure we eat #SAFE and #HEALTHY and we LIVE a little better everyday~

Find us on instagram: www.instagram.com/shwapno.acill",Timeline Photos,photo,https://www.facebook.com/Shwapno.ACILL/photos/a.399106963477378.104125.399030656818342/1414109985310399/?type=3,2017-08-07 07:31:42,100,1,1,97,2,1,0,0,0,0,0.06,0.64,-1000.00,2.00,0.70,0.00
399030656818342_1408713852516679,"#Safe_and_Healthy
#SHWAPNO_Chicken
#Best_in_Town",Safe and Healthy Chicken,video,https://www.facebook.com/Shwapno.ACILL/videos/1408713852516679/,2017-08-01 09:40:06,3953,38,126,3756,44,24,127,0,2,0,-0.60,0.00,-1000.00,1.00,0.00,0.00
399030656818342_1404288462959218,~Enjoy the goodness of pure cow-milk with SHWAPNO ORGANIC VALLEY RAW MILK~,Timeline Photos,photo,https://www.facebook.com/Shwapno.ACILL/photos/a.399106963477378.104125.399030656818342/1404288462959218/?type=3,2017-07-27 10:09:51,318,14,22,305,6,5,2,0,0,0,0.13,0.46,-1000.00,1.00,0.90,0.00
399030656818342_1392355134152551,"Hello Sunshine!
Indulge yourself in summer joy. 
Here goes #Mango_Pinapple_Sunshine for you. 
#ShwapnoFoodBuzz",#Mango_Pinapple_Sunshine,video,https://www.facebook.com/Shwapno.ACILL/videos/1392355134152551/,2017-07-16 02:30:03,103,2,3,102,1,0,0,0,0,0,0.80,0.81,-1000.00,2.00,0.30,0.89
399030656818342_1379273862127345,#Live_Life_Everyday,SHWAPNO's cover photo,photo,https://www.facebook.com/Shwapno.ACILL/photos/a.399067076814700.104099.399030656818342/1379273728794025/?type=3,2017-07-03 05:29:25,141,2,2,137,3,1,0,0,0,0,0.00,0.00,-1000.00,2.00,0.00,-1000.00
399030656818342_1370777149643683,,Timeline Photos,photo,https://www.facebook.com/Shwapno.ACILL/photos/a.399106963477378.104125.399030656818342/1370777149643683/?type=3,2017-06-25 15:15:05,257,1,0,246,6,3,1,1,0,0,0.00,0.00,-1000.00,-1000.00,0.00,-1000.00
399030656818342_1369935876394477,"#Creamy_Toast_UmmAli
#Eid_Special_Recipe from #ShwapnoFoodBuzz!

Indulge yourself in sumptuous Egyptian Creamy delight of #UmmAli.

*Ingredients are at your reach at all #SHWAPNO outlets.",#Creamy_Toast_UmmAli,video,https://www.facebook.com/Shwapno.ACILL/videos/1369935876394477/,2017-06-24 16:32:47,116,1,4,112,3,1,0,0,0,0,0.00,0.65,-1000.00,3.00,0.30,0.87
399030656818342_1368895616498503,"#Spicy_Tawa_Chicken
#Eid_Special_Racipe from #ShwapnoFoodBuzz

Indulge yourself this Eid with sumptuous Spicy Tawa Chicken!

*Ingredients are at your reach at all #SHWAPNO outlets.",#Spicy_Tawa_Chicken,video,https://www.facebook.com/Shwapno.ACILL/videos/1368895616498503/,2017-06-23 10:17:35,169,0,24,166,2,1,0,0,0,0,-0.75,0.10,-1000.00,2.00,0.50,0.87
399030656818342_1367786463276085,#colorful_Eid,Timeline Photos,photo,https://www.facebook.com/Shwapno.ACILL/photos/a.399106963477378.104125.399030656818342/1367786463276085/?type=3,2017-06-22 01:33:25,189,20,3,182,4,3,0,0,0,0,0.00,0.00,-1000.00,2.00,0.00,-1000.00
399030656818342_1367184703336261,#colorful_Eid,Timeline Photos,photo,https://www.facebook.com/Shwapno.ACILL/photos/a.399106963477378.104125.399030656818342/1367184703336261/?type=3,2017-06-21 08:44:55,194,3,3,191,2,1,0,0,0,0,0.00,0.00,-1000.00,2.00,0.00,-1000.00
399030656818342_1366991630022235,#colorful_Eid,Timeline Photos,photo,https://www.facebook.com/Shwapno.ACILL/photos/a.399106963477378.104125.399030656818342/1366991630022235/?type=3,2017-06-21 02:14:29,182,9,9,171,6,5,0,0,0,0,0.00,0.00,-1000.00,2.00,0.00,-1000.00
399030656818342_1366283106759754,EID COLLECTION 2017,,video,https://www.facebook.com/Shwapno.ACILL/videos/1366283106759754/,2017-06-20 09:43:23,2891,5,72,2746,40,10,81,4,10,0,0.00,0.00,-1000.00,2.00,0.10,0.51
399030656818342_1366166450104753,Feel #fresh,Timeline Photos,photo,https://www.facebook.com/Shwapno.ACILL/photos/a.399106963477378.104125.399030656818342/1366166450104753/?type=3,2017-06-20 05:59:47,258,1,2,247,6,3,2,0,0,0,0.00,0.00,-1000.00,2.00,0.50,-1000.00
399030656818342_1364374350283963,"Baba,  
You are so special. Happy Father's Day :)",,video,https://www.facebook.com/Shwapno.ACILL/videos/1364374350283963/,2017-06-18 04:23:42,269,3,45,238,23,3,4,1,0,0,0.55,0.89,-1000.00,3.00,0.60,0.73
399030656818342_1364310420290356,,SHWAPNO's cover photo,photo,https://www.facebook.com/Shwapno.ACILL/photos/a.399067076814700.104099.399030656818342/1364310306957034/?type=3,2017-06-18 02:08:29,112,2,0,107,4,1,0,0,0,0,0.00,0.00,-1000.00,-1000.00,0.00,-1000.00
399030656818342_1364305866957478,Only for Baba,Timeline Photos,photo,https://www.facebook.com/Shwapno.ACILL/photos/a.399106963477378.104125.399030656818342/1364305866957478/?type=3,2017-06-18 02:00:14,350,1,6,331,13,1,5,0,0,0,0.00,0.00,-1000.00,2.00,0.10,-0.47
399030656818342_1362610857126979,"Introducing - 
***SHWAPNO Organic Valley Raw Milk***
~Goodness in a Bottle~

- Handpicked from farms that raise cows NATURALLY
- No Processing: hence 100% Whole Cow Milk
- Bottled with care
- End-to-End cold chain maintained

NOW AVAILABLE @ selected outlets in DHAKA!!!

Grab a bottle to get the complete nutrition of pure cow milk for your family!!!",SHWAPNO Organic Valley Raw Milk :: Goodness in a Bottle,photo,https://www.facebook.com/Shwapno.ACILL/photos/a.1358656430855755.1073741893.399030656818342/1362610857126979/?type=3,2017-06-16 06:41:07,147,10,21,144,1,1,1,0,0,0,0.00,0.49,-1000.00,1.00,0.20,0.62
399030656818342_1360838450637553,For a glass of good milk...,SHWAPNO Organic Valley Raw Milk :: Goodness in a Bottle,photo,https://www.facebook.com/Shwapno.ACILL/photos/a.1358656430855755.1073741893.399030656818342/1360838450637553/?type=3,2017-06-14 12:22:45,100,1,1,98,2,0,0,0,0,0,0.70,0.44,-1000.00,2.00,0.60,0.64
399030656818342_1359564120764986,Nothing beats the complete nutrition of cow milk that comes from Grass-to-Glass...,SHWAPNO Organic Valley Raw Milk :: Goodness in a Bottle,photo,https://www.facebook.com/Shwapno.ACILL/photos/a.1358656430855755.1073741893.399030656818342/1359564120764986/?type=3,2017-06-13 11:16:35,60,1,2,60,0,0,0,0,0,0,-0.02,0.00,-1000.00,1.00,0.40,-0.62
399030656818342_1358656484189083,So... what would you do to find a glass of good milk?,SHWAPNO Organic Valley Raw Milk :: Goodness in a Bottle,photo,https://www.facebook.com/Shwapno.ACILL/photos/a.1358656430855755.1073741893.399030656818342/1358656484189083/?type=3,2017-06-12 10:32:15,95,2,7,93,0,2,0,0,0,0,0.70,0.44,-1000.00,2.00,0.50,0.00
399030656818342_1356772137710851,"Gastritis & Ulcer is a common health issue. Especially during Ramadan it's more frequent. But with only a few habits and food choices we can Beat Gastritis & Ulcer not only during this holy month, but also round the year.
#Beat_Gastritis_&_Ulcer",Beat Gastritis & Ulcer,photo,https://www.facebook.com/Shwapno.ACILL/photos/a.1356507214404010.1073741892.399030656818342/1356507401070658/?type=3,2017-06-10 09:34:39,87,0,11,84,3,0,0,0,0,0,-0.01,0.00,-1000.00,2.00,0.20,0.00
399030656818342_1355945154460216,,SHWAPNO's cover photo,photo,https://www.facebook.com/Shwapno.ACILL/photos/a.399067076814700.104099.399030656818342/1355944477793617/?type=3,2017-06-09 13:48:28,475,2,10,458,14,1,2,0,0,0,0.00,0.00,-1000.00,-1000.00,0.00,-1000.00
399030656818342_1353619364692795,"#Dress_Your_Dreams
#Shwapno_Life #Eid_Collection_2017",Shwapno Life Eid Collection 2017,photo,https://www.facebook.com/Shwapno.ACILL/photos/a.1353617631359635.1073741891.399030656818342/1353619364692795/?type=3,2017-06-07 10:46:46,240,4,7,227,10,1,2,0,0,0,0.00,0.00,-1000.00,1.00,0.00,0.00
399030656818342_1353594161361982,"A Smile of A Happy Customer makes our day...
Happy You Happy Us

#SHWAPNO #The_Best_Retail_Brand_in_Bangladesh",Happiness is Happy Customers,video,https://www.facebook.com/Shwapno.ACILL/videos/1353594161361982/,2017-06-07 10:10:49,237,3,54,229,5,1,1,0,1,0,0.68,0.93,-1000.00,3.00,0.90,0.97
399030656818342_1340288772692521,,SHWAPNO's cover photo,photo,https://www.facebook.com/Shwapno.ACILL/photos/a.399067076814700.104099.399030656818342/1340288729359192/?type=3,2017-05-25 10:59:58,194,1,3,190,2,2,0,0,0,0,0.00,0.00,-1000.00,-1000.00,0.00,-1000.00
399030656818342_1340288696025862,,SHWAPNO,photo,https://www.facebook.com/Shwapno.ACILL/photos/a.399030683485006.104081.399030656818342/1340288342692564/?type=3,2017-05-25 10:59:30,452,7,6,442,6,2,2,0,0,0,0.00,0.00,-1000.00,-1000.00,0.00,-1000.00
399030656818342_1340199779368087,,SHWAPNO,video,https://www.facebook.com/Shwapno.ACILL/videos/1340191482702250/,2017-05-25 09:03:18,129,0,0,124,2,3,0,0,0,0,0.00,0.00,-1000.00,-1000.00,0.00,-1000.00
399030656818342_1340191482702250,Shwapno Connecting Global G.A.P.,Shwapno connecting Global G.A.P.,video,https://www.facebook.com/Shwapno.ACILL/videos/1340191482702250/,2017-05-25 09:00:33,120,1,59,114,5,1,0,0,0,0,0.00,0.00,-1000.00,2.00,0.00,-0.60
399030656818342_1332649300123135,,SHWAPNO,photo,https://www.facebook.com/Shwapno.ACILL/photos/a.399030683485006.104081.399030656818342/1332649123456486/?type=3,2017-05-16 22:46:02,514,3,1,501,7,5,1,0,0,0,0.00,0.00,-1000.00,-1000.00,0.00,-1000.00
399030656818342_1331106493610749,"For your unbounded dreams, all you need is your family to be the relentless source of inspiration, the ultimate powerhouse. When you nurture your family you nurture your dreams. 
Let your dreams come true through the betterment of your family, education and tireless efforts for wellbeing.
#International_Day_Of_Families_2017
#Families_Education_And_Wellbeing
#SHWAPNO #The_Biggest_Family_Of_Dreamers",Timeline Photos,photo,https://www.facebook.com/Shwapno.ACILL/photos/a.399106963477378.104125.399030656818342/1331106493610749/?type=3,2017-05-14 23:47:31,115,1,1,112,1,0,0,0,0,2,0.17,0.95,-1000.00,2.00,0.60,0.86
399030656818342_1331106223610776,,SHWAPNO,photo,https://www.facebook.com/Shwapno.ACILL/photos/a.399030683485006.104081.399030656818342/1331106223610776/?type=3,2017-05-14 23:36:27,373,3,4,365,3,0,0,0,0,5,0.00,0.00,-1000.00,-1000.00,0.00,-1000.00
399030656818342_1331106136944118,,SHWAPNO's cover photo,photo,https://www.facebook.com/Shwapno.ACILL/photos/a.399067076814700.104099.399030656818342/1331106013610797/?type=3,2017-05-14 23:36:12,67,1,1,67,0,0,0,0,0,0,0.00,0.00,-1000.00,-1000.00,0.00,-1000.00
399030656818342_1330363523685046,,SHWAPNO's cover photo,photo,https://www.facebook.com/Shwapno.ACILL/photos/a.399067076814700.104099.399030656818342/1330363373685061/?type=3,2017-05-14 06:23:21,251,0,6,231,11,0,0,0,0,9,0.00,0.00,-1000.00,-1000.00,0.00,-1000.00
399030656818342_1330362010351864,,SHWAPNO,photo,https://www.facebook.com/Shwapno.ACILL/photos/a.399030683485006.104081.399030656818342/1330361893685209/?type=3,2017-05-14 06:20:10,286,2,2,273,4,1,1,0,0,7,0.00,0.00,-1000.00,-1000.00,0.00,-1000.00
399030656818342_1330354473685951,"মা কে আমরা ভালোবাসি সবাই।
কিন্তু আমরা ভুলে যাচ্ছি আগামীর মা দের কথা।
আজকের মেয়েরাই আগামীর মা।
শ্রদ্ধায় ভালবাসায় সচেতনতায় - আগামীর মা দের রক্ষার প্রতিজ্ঞায় - পূর্ণ হোক মা দিবস। 
#SHWAPNO observing #MothersDay2017",Mothers Day 2017,video,https://www.facebook.com/Shwapno.ACILL/videos/1330354473685951/,2017-05-14 06:16:20,4621,46,426,4225,163,6,2,67,0,158,0.00,0.00,-1000.00,2.00,0.10,-1000.00
399030656818342_1328073770580688,~May the blessings of Shab-e-Barat be with all~,Timeline Photos,photo,https://www.facebook.com/Shwapno.ACILL/photos/a.399106963477378.104125.399030656818342/1328073770580688/?type=3,2017-05-11 12:08:31,184,1,9,178,2,1,0,0,0,3,0.00,0.54,-1000.00,2.00,0.40,0.78
399030656818342_1328073217247410,,SHWAPNO,photo,https://www.facebook.com/Shwapno.ACILL/photos/a.399030683485006.104081.399030656818342/1328073217247410/?type=3,2017-05-11 12:05:52,601,3,10,584,8,1,5,0,1,2,0.00,0.00,-1000.00,-1000.00,0.00,-1000.00
399030656818342_1328072030580862,,SHWAPNO's cover photo,photo,https://www.facebook.com/Shwapno.ACILL/photos/a.399067076814700.104099.399030656818342/1328071767247555/?type=3,2017-05-11 12:03:59,56,1,0,56,0,0,0,0,0,0,0.00,0.00,-1000.00,-1000.00,0.00,-1000.00
399030656818342_1323520011036064,NEW OUTLET OF SHWAPNO @ HOSNA CENTER ON 106 GULSHAN AVENUE (BETWEEN GULSHAN 1 & 2) !!!,SHWAPNO @ HOSNA CENTER (GULSHAN AVENUE),video,https://www.facebook.com/Shwapno.ACILL/videos/1323520011036064/,2017-05-05 23:32:27,1552,14,47,1507,27,4,4,0,1,9,-0.03,0.00,-1000.00,1.00,0.00,0.00
399030656818342_1320023628052369,,SHWAPNO's cover photo,photo,https://www.facebook.com/Shwapno.ACILL/photos/a.399067076814700.104099.399030656818342/1293177917403607/?type=3,2017-05-02 00:05:56,744,10,8,730,10,3,1,0,0,0,0.00,0.00,-1000.00,-1000.00,0.00,-1000.00
399030656818342_1319202831467782,,SHWAPNO's cover photo,photo,https://www.facebook.com/Shwapno.ACILL/photos/a.399067076814700.104099.399030656818342/1319202694801129/?type=3,2017-05-01 00:33:35,86,4,1,84,2,0,0,0,0,0,0.00,0.00,-1000.00,-1000.00,0.00,-1000.00
399030656818342_1319193711468694,"May Day 2017
#EDUCATION #CONSCIOUSNESS #RESPECT",May Day 2017,video,https://www.facebook.com/Shwapno.ACILL/videos/1319193711468694/,2017-05-01 00:32:49,156,5,13,145,7,3,0,1,0,0,0.00,0.00,-1000.00,2.00,0.10,-1000.00
399030656818342_1302429733145092,"(From left to right)
White Cashmilon Kurti with Print & Embroidery
Price: BDT 1850
Perrot green Cashmilon 2pc with Embroidery
Price: BDT 2450
Red Cashmilon 2pc with Embroidery
Price: BDT 2450",Timeline Photos,photo,https://www.facebook.com/Shwapno.ACILL/photos/a.399106963477378.104125.399030656818342/1302429733145092/?type=3,2017-04-12 03:55:33,1228,3,5,1222,3,1,2,0,0,0,0.02,0.00,-1000.00,1.00,0.30,0.73
399030656818342_1302429093145156,"(From left to right)
Parrot Green Cashmilon Kurti with Lace-work
Price: BDT 1850
Yellow & Magenta Cashmilon Kurti with Block & Embroidery 
Price: BDT 2450
Orange & Purple Cashmilon Kurti with Block & Embroidery
Price: BDT 2250",Timeline Photos,photo,https://www.facebook.com/Shwapno.ACILL/photos/a.399106963477378.104125.399030656818342/1302429093145156/?type=3,2017-04-12 03:53:44,2048,10,2,2041,3,2,1,0,1,0,0.02,-0.70,-1000.00,1.00,0.20,0.00
399030656818342_1302428566478542,"(From left to right)
Red & Black Cashmilon Kurti with Embroidery
Price: BDT 1850",Timeline Photos,photo,https://www.facebook.com/Shwapno.ACILL/photos/a.399106963477378.104125.399030656818342/1302428566478542/?type=3,2017-04-12 03:52:33,452,1,5,445,4,0,3,0,0,0,0.03,0.00,-1000.00,1.00,0.10,0.45
399030656818342_1302428329811899,"(From left to right)
White Cashmilon & Georgette 2-Part Kurti with Embroidery 
Price: BDT 1950",Timeline Photos,photo,https://www.facebook.com/Shwapno.ACILL/photos/a.399106963477378.104125.399030656818342/1302428329811899/?type=3,2017-04-12 03:52:00,16727,49,20,16615,78,20,13,1,0,0,0.10,0.00,-1000.00,1.00,0.20,0.60
399030656818342_1302428049811927,"(From left to right)
Pink & Magenta Sharee with Embroidery 
Price: BDT 2999
Yellow & Green printed Georgette Sharee with Embroidery 
Price: BDT 3500
Blue & Paste Silk Sharee with Block & Lace-work
Price: BDT 3500",Timeline Photos,photo,https://www.facebook.com/Shwapno.ACILL/photos/a.399106963477378.104125.399030656818342/1302428049811927/?type=3,2017-04-12 03:51:17,6304,11,10,6278,9,5,12,0,0,0,-0.00,-0.44,-1000.00,1.00,0.30,0.47
399030656818342_1302427376478661,"(From left to right)
Red & White printed Georgette& Silk Kurti 
Price: BDT 1450
Blue Printed Georgette Kurti with Embroidery
Price: BDT 1550
White Georgette Kurti with Embroidery
Price: BDT 1850",Timeline Photos,photo,https://www.facebook.com/Shwapno.ACILL/photos/a.399106963477378.104125.399030656818342/1302427376478661/?type=3,2017-04-12 03:50:31,2502,14,6,2484,9,6,2,0,1,0,0.05,0.00,-1000.00,1.00,0.40,0.83
399030656818342_1302422036479195,"(From left to right)
White & Magenta Cashmilon Kurti with Block Print
Price: BDT 1950
Black& Maroon Cashmilon Kurti with Embroidery 
Price: BDT 2450
Blue & Orange Cashmilon Kurti with Block Print
Price: BDT 1950",Timeline Photos,photo,https://www.facebook.com/Shwapno.ACILL/photos/a.399106963477378.104125.399030656818342/1302422036479195/?type=3,2017-04-12 03:48:49,2680,9,4,2670,5,4,1,0,0,0,0.02,-0.70,-1000.00,1.00,0.10,0.00
399030656818342_1293762134011852,,Timeline Photos,photo,https://www.facebook.com/Shwapno.ACILL/photos/a.399106963477378.104125.399030656818342/1293762134011852/?type=3,2017-04-03 04:46:42,449,10,6,439,9,1,0,0,0,0,0.00,0.00,-1000.00,-1000.00,0.00,-1000.00
399030656818342_1293179594070106,,Shwapno Life Summer Collection 2017,video,https://www.facebook.com/Shwapno.ACILL/videos/1293179594070106/,2017-04-02 13:12:07,10558,177,516,10209,127,34,165,7,16,0,0.00,0.00,-1000.00,-1000.00,0.00,-1000.00
399030656818342_1293175194070546,,Shwapno Life Summer Collection 2017,photo,https://www.facebook.com/Shwapno.ACILL/photos/a.1293174624070603.1073741889.399030656818342/1293175194070546/?type=3,2017-04-02 12:24:35,1498,4,22,1472,18,8,0,0,0,0,0.00,0.00,-1000.00,-1000.00,0.00,-1000.00
399030656818342_1293172730737459,,SHWAPNO,photo,https://www.facebook.com/Shwapno.ACILL/photos/a.399030683485006.104081.399030656818342/1286472644740801/?type=3,2017-04-02 12:18:33,993,13,11,960,15,2,13,0,3,0,0.00,0.00,-1000.00,-1000.00,0.00,-1000.00
399030656818342_1286468904741175,,SHWAPNO's cover photo,photo,https://www.facebook.com/Shwapno.ACILL/photos/a.399067076814700.104099.399030656818342/1286468801407852/?type=3,2017-03-25 23:50:46,183,0,3,179,1,1,2,0,0,0,0.00,0.00,-1000.00,-1000.00,0.00,-1000.00
399030656818342_1285647064823359,যুদ্ধ স্বাধীনতা স্বপ্ন,,video,https://www.facebook.com/Shwapno.ACILL/videos/1285647064823359/,2017-03-25 02:33:24,211,2,23,207,3,0,0,1,0,0,0.00,0.00,-1000.00,-1000.00,0.00,-1000.00
399030656818342_1284209204967145,"#PADMARILISH
400gm+: BDT298. 500gm+: BDT385. 600gm+: BDT540. 700gm+ BDT675",#PADMARILISH,video,https://www.facebook.com/Shwapno.ACILL/videos/1284209204967145/,2017-03-23 11:44:13,1860,14,99,1772,21,30,33,2,2,0,0.00,0.00,-1000.00,2.00,0.00,-1000.00
399030656818342_1279963272058405,CLARIFICATION ON FALSE ACCUSATIONS,,status,,2017-03-18 08:29:58,85,9,0,81,0,0,1,1,2,0,-0.40,-0.32,-1000.00,2.00,-0.50,-0.72
399030656818342_1269761129745286,"#SHWAPNO has been awarded the best retail brand in Bangladesh in 2016 by #BangladeshBrandForum and #KantarMillwardBrown.
And we would like to take the opportunity to thank you for being with us and making us country’s No. 1 Supermarket Brand!",SHWAPNO's cover photo,photo,https://www.facebook.com/Shwapno.ACILL/photos/a.399067076814700.104099.399030656818342/1254857564568976/?type=3,2017-03-09 01:02:31,390,9,17,377,7,4,0,0,2,0,1.00,0.92,-1000.00,3.00,0.10,0.81
399030656818342_1269055536482512,"Happy Women's Day!
#BeBoldForChange #BeBoldForFreedom",Timeline Photos,photo,https://www.facebook.com/Shwapno.ACILL/photos/a.399106963477378.104125.399030656818342/1269055536482512/?type=3,2017-03-08 10:03:30,235,5,2,231,1,0,1,1,1,0,1.00,0.61,-1000.00,2.00,0.60,0.86
399030656818342_1268137366574329,"A woman never stops dreaming.
Her ceaseless dreams keep us all moving.
 
Now is the time.
 
#BeBoldForChange
#BeBold and #LiveYourDreamsToday
#BeBold and #LightThePathForTheWomenTomorrow",SHWAPNO's cover photo,photo,https://www.facebook.com/Shwapno.ACILL/photos/a.399067076814700.104099.399030656818342/1268137119907687/?type=3,2017-03-07 12:41:54,322,2,12,317,5,0,0,0,0,0,-0.10,0.48,-1000.00,3.00,0.20,0.24
399030656818342_1268133726574693,"Happy International Women's Day 2017!
#BeBoldForChange
#BeBold and #LiveYourDreamsToday
#BeBold and #LightThePathForTheWomenTomorrow",SHWAPNO,photo,https://www.facebook.com/Shwapno.ACILL/photos/a.399030683485006.104081.399030656818342/1268133389908060/?type=3,2017-03-07 12:37:33,210,7,0,207,2,1,0,0,0,0,0.40,0.61,-1000.00,3.00,0.70,0.79
399030656818342_1267819059939493,"Woman is the symbol of ""RESPECT""
~Happy Women's Day!~
#RespectWomenRespectHuman
#BeBoldForChange",International Women's Day ~~,video,https://www.facebook.com/Shwapno.ACILL/videos/1267819059939493/,2017-03-07 06:18:16,11078,42,191,9006,1430,330,158,31,123,0,1.00,0.63,-1000.00,3.00,0.70,0.46
399030656818342_1253861271335272,"ভাষা, স্বাধীনতা, স্বপ্ন --- এই গর্ব শুধুই আমাদের ।
#স্বপ্নে_গৌরবে_মরমে_একুশ",SHWAPNO's cover photo,photo,https://www.facebook.com/Shwapno.ACILL/photos/a.399067076814700.104099.399030656818342/1253860028002063/?type=3,2017-02-20 13:05:52,368,5,3,362,6,0,0,0,0,0,0.00,0.00,-1000.00,1.00,-0.20,-1000.00
399030656818342_1253620848025981,"ভাষা, স্বাধীনতা, স্বপ্ন --- এই গর্ব শুধুই আমাদের ।
#স্বপ্নে_গৌরবে_মরমে_একুশ",,video,https://www.facebook.com/Shwapno.ACILL/videos/1253620848025981/,2017-02-20 10:27:40,355,9,48,345,9,0,0,0,1,0,0.00,0.00,-1000.00,1.00,-0.20,-1000.00
399030656818342_1245550978832968,"বর্ণিল বসন্তের পুষ্পিত আনন্দে রঙিন হোক জীবন

#Celebrate #Spring2017 #ShwapnoLife #Shwapno",Timeline Photos,photo,https://www.facebook.com/Shwapno.ACILL/photos/a.399106963477378.104125.399030656818342/1245550978832968/?type=3,2017-02-12 12:21:03,923,4,24,908,12,3,0,0,0,0,0.00,0.00,-1000.00,-1000.00,0.00,-1000.00
399030656818342_1245461045508628,"Shwapno Spring Collection 2017
Creative Direction : Sabbir Nasir
DOP: Fahin Arafin 
Model: Ruma, Priyanka, Risila, Imran 
MUA: Shohag 
Music: 3 DOORS DOWN: Here without you(Instrumental)",Shwapno SPRING Collection 2017,video,https://www.facebook.com/Shwapno.ACILL/videos/1245461045508628/,2017-02-12 09:41:12,2262,13,55,2185,45,25,5,0,2,0,0.17,0.44,-1000.00,1.00,0.60,-0.33
399030656818342_1245456642175735,"Shwapno Spring Collection 2017
Creative Direction : Sabbir Nasir
DOP: Fahin Arafin 
Model: Ruma, Priyanka, Risila, Imran 
MUA: Shohag 
Music: 3 DOORS DOWN: Here without you(Instrumental)",Shwapno SPRING Collection 2017,video,https://www.facebook.com/Shwapno.ACILL/videos/1245456642175735/,2017-02-12 09:40:48,220,5,4,215,3,2,0,0,0,0,0.17,0.44,-1000.00,1.00,0.60,-0.33
399030656818342_1241957559192310,,~Shwapno Life Spring Collection 2017~,photo,https://www.facebook.com/Shwapno.ACILL/photos/a.1241957539192312.1073741888.399030656818342/1241957559192310/?type=3,2017-02-08 00:55:44,17698,59,90,17498,113,76,10,0,1,0,0.00,0.00,-1000.00,-1000.00,0.00,-1000.00
399030656818342_1209386425782757,"WELCOME TO 2017! NEW YEAR, NEW DREAM! WHAT DOES YOUR 2017 LOOK LIKE?",Welcome to 2017,video,https://www.facebook.com/Shwapno.ACILL/videos/1209386425782757/,2017-01-03 00:25:15,4720,84,604,4295,62,160,195,4,4,0,0.44,0.80,-1000.00,2.00,0.30,0.85
399030656818342_1202121643175902,"Merry Christmas! 
Celebrate the day with the Christmas tree cake, family and friends!",Christmas Tree cake!,video,https://www.facebook.com/Shwapno.ACILL/videos/1202121643175902/,2016-12-24 16:22:40,296,6,17,291,2,3,0,0,0,0,0.00,0.90,-1000.00,3.00,0.70,0.86
399030656818342_1190673764320690,#FINDINGROOTS,#FINDINGROOTS,video,https://www.facebook.com/Shwapno.ACILL/videos/1190673764320690/,2016-12-14 05:08:31,618,12,96,604,7,6,1,0,0,0,0.00,0.00,-1000.00,-1000.00,0.00,-1000.00
399030656818342_1187047174683349,,Thai Bags available at #Shwapno,photo,https://www.facebook.com/Shwapno.ACILL/photos/a.1187046318016768.1073741887.399030656818342/1187047174683349/?type=3,2016-12-11 06:59:30,749,17,23,740,5,4,0,0,0,0,0.00,0.00,-1000.00,-1000.00,0.00,-1000.00
399030656818342_1187044644683602,"Thai Bags & Shawl, available at #Shwapno",Timeline Photos,photo,https://www.facebook.com/Shwapno.ACILL/photos/a.399106963477378.104125.399030656818342/1187044644683602/?type=3,2016-12-11 06:55:33,434,6,5,430,0,4,0,0,0,0,0.40,0.00,-1000.00,2.00,0.00,0.59
399030656818342_1183499875038079,"Photography: Iqbal Ahmed
Edit: Fariduzzaman",WINTER COLLECTION 2016-17,photo,https://www.facebook.com/Shwapno.ACILL/photos/a.1183499801704753.1073741886.399030656818342/1183499868371413/?type=3,2016-12-08 08:50:18,412,5,22,405,3,3,1,0,0,0,0.00,0.00,-1000.00,1.00,0.30,0.00
399030656818342_1180637165324350,"Concept and Direction: Sabbir Hasan Nasir
DOP: Fahin Arafin
Edit: Sabbir Hasan Nasir & Fahin Arafin
Music Arrangement: Spanish Caravan Instrumental by Alessio Bannò
Backstage: Tamanna Sharmin
Production: Aftabul Karim Tanim, Shamsuddoha Shemul & Shwapno Team",WINTER COLLECTION 2016-17,video,https://www.facebook.com/Shwapno.ACILL/videos/1180637165324350/,2016-12-06 01:31:18,8599,93,158,8240,139,146,65,2,7,0,0.00,0.00,-1000.00,1.00,0.20,-1000.00
399030656818342_1174014762653257,Shwapno is a now GLOBALG.A.P. Member,GLOBALG.A.P,photo,https://www.facebook.com/135577519837395/photos/a.138419609553186.24667.135577519837395/1208460842549052/?type=3,2016-12-01 05:04:34,488,10,0,485,1,2,0,0,0,0,0.00,0.00,-1000.00,2.00,0.10,-1000.00
399030656818342_1169088069812593,"Honorable Executive Director of ACI Logistics Ltd. (Shwapno) talking about Superstore Industry in Bangladesh.

https://www.youtube.com/watch?v=WpV_YrGIeg8",MOTIJHEEL THEKE 23 11 16,video,https://www.youtube.com/watch?v=WpV_YrGIeg8,2016-11-26 23:12:24,242,1,20,241,0,1,0,0,0,0,0.00,0.54,-1000.00,1.00,0.00,0.00
399030656818342_1166780990043301,আমাদের আরও অসংখ্য অফার গুলো পেতে হলে চলে আসুন স্বপ্নে,Timeline Photos,photo,https://www.facebook.com/Shwapno.ACILL/photos/a.399106963477378.104125.399030656818342/1166780990043301/?type=3,2016-11-24 19:00:01,593,6,18,587,2,0,0,0,4,0,0.00,0.00,-1000.00,-1000.00,0.00,-1000.00
399030656818342_1163624270358973,Thank you for being with us in the wonderful journey of becoming number 1 Superstore Brand.,Timeline Photos,photo,https://www.facebook.com/Shwapno.ACILL/photos/a.399106963477378.104125.399030656818342/1163624270358973/?type=3,2016-11-21 11:29:12,8920,80,87,8830,45,35,10,0,0,0,0.72,0.76,-1000.00,3.00,0.80,0.97
399030656818342_1143058625748871,Salute Tigers!,Timeline Photos,photo,https://www.facebook.com/Shwapno.ACILL/photos/a.399106963477378.104125.399030656818342/1143058625748871/?type=3,2016-10-30 12:48:08,600,5,13,596,4,0,0,0,0,0,0.00,0.00,-1000.00,2.00,0.00,-1000.00
399030656818342_1130972160290851,"Let’s work towards sustainable agriculture under changing climate for greater access to safe food,
#WorldFoodDay 2016",World Food Day 2016,photo,https://www.facebook.com/Shwapno.ACILL/photos/a.1130972146957519.1073741882.399030656818342/1130972160290851/?type=3,2016-10-16 01:21:52,259,2,5,257,1,1,0,0,0,0,0.50,0.66,-1000.00,2.00,0.80,0.60
399030656818342_1128902667164467,"Let the power of Nature's Premium Protein nourish the health of your family and yours too!
#WorldEggDay 2016",WORLD EGG DAY 2016,photo,https://www.facebook.com/Shwapno.ACILL/photos/a.1128902617164472.1073741880.399030656818342/1128902667164467/?type=3,2016-10-13 17:31:01,216,2,4,214,1,0,1,0,0,0,0.00,0.00,-1000.00,1.00,0.70,0.87
399030656818342_1126099544111446,সবাইকে শারদীয় শুভেচ্ছা,Timeline Photos,photo,https://www.facebook.com/Shwapno.ACILL/photos/a.399106963477378.104125.399030656818342/1126099544111446/?type=3,2016-10-10 13:01:24,354,6,8,350,3,1,0,0,0,0,0.00,0.00,-1000.00,-1000.00,0.00,-1000.00
399030656818342_1125354687519265,Congratulations Tigers!,Timeline Photos,photo,https://www.facebook.com/Shwapno.ACILL/photos/a.399106963477378.104125.399030656818342/1125354687519265/?type=3,2016-10-09 12:01:48,1179,4,24,1160,16,3,0,0,0,0,0.00,0.64,-1000.00,3.00,0.30,-1000.00
399030656818342_1118563451531722,"A  cup of coffee is always a good idea.  Enjoy your cup and live up to your dreams. 

Happy  International Coffee Day!",Timeline Photos,photo,https://www.facebook.com/Shwapno.ACILL/photos/a.399106963477378.104125.399030656818342/1118563451531722/?type=3,2016-10-01 04:50:13,600,1,10,592,5,3,0,0,0,0,0.41,0.92,-1000.00,3.00,0.80,0.77
399030656818342_1117470661641001,Choose your favorite T-shirts from the 20+ designs we have and enjoy BUY 1 GET 1 FREE!!!,,photo,https://www.facebook.com/Shwapno.ACILL/photos/a.399106963477378.104125.399030656818342/1117470328307701/?type=3,2016-09-29 21:00:00,546,17,18,534,4,8,0,0,0,0,0.56,0.90,-1000.00,1.00,0.80,0.91
399030656818342_1104198492968218,"উৎসবের মহিমায় উজ্জীবিত হোক জীবন। সবাইকে ঈদ এর আন্তরিক শুভেচ্ছা। 

ঈদ-উল-আযহা - ২০১৬",Timeline Photos,photo,https://www.facebook.com/Shwapno.ACILL/photos/a.399106963477378.104125.399030656818342/1104198492968218/?type=3,2016-09-12 09:36:35,566,3,13,561,3,1,0,0,1,0,0.00,0.00,-1000.00,2.00,0.00,-1000.00
399030656818342_1102391663148901,"Shwapno launches a new outlet in Mirpur-10. 
#Uthfie #Shwapno",,video,https://www.facebook.com/Shwapno.ACILL/videos/1102391663148901/,2016-09-10 03:44:29,796,83,72,672,60,18,31,5,10,0,0.14,0.00,-1000.00,3.00,0.00,0.00
399030656818342_1102384436482957,"Don't miss the chance to take an #Uthfie in our new Mirpur-10 outlet. 

#Shwapno",Timeline Photos,photo,https://www.facebook.com/Shwapno.ACILL/photos/a.399106963477378.104125.399030656818342/1102384436482957/?type=3,2016-09-10 03:25:15,601,3,11,585,1,3,12,0,0,0,0.14,-0.08,-1000.00,2.00,0.20,0.81
399030656818342_1102382066483194,"Shoppers stop by our uth! 
Don't miss the chance to take an uthfie at the new Shwapno Mirpur 10 outlet!  

#Shwapno #Uthfie",Timeline Photos,photo,https://www.facebook.com/Shwapno.ACILL/photos/a.399106963477378.104125.399030656818342/1102382066483194/?type=3,2016-09-10 03:17:22,431,1,4,419,0,2,9,0,1,0,0.17,-0.47,-1000.00,2.00,0.30,0.78
399030656818342_1102376129817121,,SHWAPNO,photo,https://www.facebook.com/Shwapno.ACILL/photos/gm.184315815330164/1102369876484413/?type=3,2016-09-10 02:59:06,278,2,0,273,2,0,3,0,0,0,0.00,0.00,-1000.00,-1000.00,0.00,-1000.00
399030656818342_184102105351535,,ঈদের উট স্বপ্ন-তে,event,https://www.facebook.com/events/184102105351535/,2016-09-09 17:15:04,545,3,0,540,2,3,0,0,0,0,0.00,0.00,-1000.00,-1000.00,0.00,-1000.00
399030656818342_1100824506638950,SHWAPNO Introduces Fall Collection 2016 [FULL ALBUM]: http://bit.ly/FallCollection2016,Timeline Photos,photo,https://www.facebook.com/Shwapno.ACILL/photos/a.399106963477378.104125.399030656818342/1100824506638950/?type=3,2016-09-08 06:03:41,12368,9,11,12334,17,12,4,0,1,0,0.35,0.00,-1000.00,1.00,0.40,0.00
399030656818342_1100824416638959,SHWAPNO Introduces Fall Collection 2016 [FULL ALBUM]: http://bit.ly/FallCollection2016,Timeline Photos,photo,https://www.facebook.com/Shwapno.ACILL/photos/a.399106963477378.104125.399030656818342/1100824416638959/?type=3,2016-09-08 06:03:18,17160,36,15,17084,41,28,4,1,2,0,0.35,0.00,-1000.00,1.00,0.40,0.00
399030656818342_1100824163305651,SHWAPNO Introduces Fall Collection 2016 [FULL ALBUM]: http://bit.ly/FallCollection2016,Timeline Photos,photo,https://www.facebook.com/Shwapno.ACILL/photos/a.399106963477378.104125.399030656818342/1100824163305651/?type=3,2016-09-08 06:02:31,376,3,3,374,2,0,0,0,0,0,0.35,0.00,-1000.00,1.00,0.40,0.00
399030656818342_1100823903305677,SHWAPNO Introduces Fall Collection 2016 [FULL ALBUM]: http://bit.ly/FallCollection2016,Timeline Photos,photo,https://www.facebook.com/Shwapno.ACILL/photos/a.399106963477378.104125.399030656818342/1100823903305677/?type=3,2016-09-08 06:01:54,699,6,7,695,2,2,0,0,0,0,0.35,0.00,-1000.00,1.00,0.40,0.00
399030656818342_1100822769972457,SHWAPNO Introduces Fall Collection 2016 [FULL ALBUM]: http://bit.ly/FallCollection2016,Timeline Photos,photo,https://www.facebook.com/Shwapno.ACILL/photos/a.399106963477378.104125.399030656818342/1100822769972457/?type=3,2016-09-08 06:00:43,6239,12,5,6209,12,8,9,0,1,0,0.35,0.00,-1000.00,1.00,0.40,0.00
399030656818342_1100821883305879,SHWAPNO Introduces Fall Collection 2016 [FULL ALBUM]: http://bit.ly/FallCollection2016,Timeline Photos,photo,https://www.facebook.com/Shwapno.ACILL/photos/a.399106963477378.104125.399030656818342/1100821883305879/?type=3,2016-09-08 05:59:51,8086,10,6,8065,10,8,3,0,0,0,0.35,0.00,-1000.00,1.00,0.40,0.00
399030656818342_1100204253367642,SHWAPNO Introduces Fall Collection 2016,Timeline Photos,photo,https://www.facebook.com/Shwapno.ACILL/photos/a.399106963477378.104125.399030656818342/1100204253367642/?type=3,2016-09-07 12:30:00,359,3,3,355,3,0,1,0,0,0,0.00,0.00,-1000.00,2.00,0.40,0.00
399030656818342_1100204030034331,SHWAPNO Introduces Fall Collection 2016,Timeline Photos,photo,https://www.facebook.com/Shwapno.ACILL/photos/a.399106963477378.104125.399030656818342/1100204030034331/?type=3,2016-09-07 12:00:00,259,4,2,254,3,1,1,0,0,0,0.00,0.00,-1000.00,2.00,0.40,0.00
399030656818342_1100203883367679,SHWAPNO Introduces Fall Collection 2016,Timeline Photos,photo,https://www.facebook.com/Shwapno.ACILL/photos/a.399106963477378.104125.399030656818342/1100203883367679/?type=3,2016-09-07 11:30:00,218,0,2,218,0,0,0,0,0,0,0.00,0.00,-1000.00,2.00,0.40,0.00
399030656818342_1100203776701023,SHWAPNO Introduces Fall Collection 2016,Timeline Photos,photo,https://www.facebook.com/Shwapno.ACILL/photos/a.399106963477378.104125.399030656818342/1100203776701023/?type=3,2016-09-07 11:00:01,367,0,5,365,2,0,0,0,0,0,0.00,0.00,-1000.00,2.00,0.40,0.00
399030656818342_1100201336701267,SHWAPNO Introduces Fall Collection 2016,Timeline Photos,photo,https://www.facebook.com/Shwapno.ACILL/photos/a.399106963477378.104125.399030656818342/1100201336701267/?type=3,2016-09-07 10:30:00,368,4,6,359,6,3,0,0,0,0,0.00,0.00,-1000.00,2.00,0.40,0.00
399030656818342_1100137060041028,,Shwapno Life Fall Collection 2016,photo,https://www.facebook.com/Shwapno.ACILL/photos/a.1100137030041031.1073741872.399030656818342/1100137060041028/?type=3,2016-09-07 08:19:27,405,3,10,401,1,3,0,0,0,0,0.00,0.00,-1000.00,-1000.00,0.00,-1000.00
399030656818342_1092262004161867,Check out the SHWAPNO Life SALE at our stores,SHWAPNO,photo,https://www.facebook.com/Shwapno.ACILL/photos/a.1073729762681758.1073741871.399030656818342/1073729842681750/?type=3,2016-08-28 01:46:59,6313,12,0,6298,8,6,0,1,0,0,0.00,0.00,-1000.00,2.00,0.20,0.00
399030656818342_1074233092631425,,Shwapno Life SALE!,photo,https://www.facebook.com/Shwapno.ACILL/photos/a.1073729762681758.1073741871.399030656818342/1073729842681750/?type=3,2016-08-03 06:58:05,4817,22,27,4779,19,15,4,0,0,0,0.00,0.00,-1000.00,-1000.00,0.00,-1000.00
399030656818342_1070278176360250,ছোটখাট অনেক ভুল আমাদের থাকতে পারে। কিন্তু স্বপ্নগুলো তো আর ভুল নয়। তাই ছোট ছোট স্বপ্ন পূরণের কাজে সারা দেশে নেমে গেছে স্বপ্ন। স্বপ্নের সাথে থাকুন।,,video,https://www.facebook.com/Shwapno.ACILL/videos/1070278176360250/,2016-07-28 12:39:07,34566,290,547,34231,207,83,28,8,9,0,0.00,0.00,-1000.00,-1000.00,0.00,-1000.00
399030656818342_1068432586544809,,Shwapno Life SALE!,photo,https://www.facebook.com/Shwapno.ACILL/photos/a.1068432559878145.1073741870.399030656818342/1068432586544809/?type=3,2016-07-25 14:22:21,1478,10,12,1471,4,2,1,0,0,0,0.00,0.00,-1000.00,-1000.00,0.00,-1000.00
399030656818342_1068424009879000,ছোটখাট অনেক ভুল আমাদের থাকতে পারে। কিন্তু স্বপ্নগুলো তো আর ভুল নয়। তাই ছোট ছোট স্বপ্ন পূরণের কাজে সারা দেশে নেমে গেছে স্বপ্ন। স্বপ্নের সাথে থাকুন।,,video,https://www.facebook.com/Shwapno.ACILL/videos/1068424009879000/,2016-07-25 14:15:39,44668,424,2193,43652,675,238,64,23,16,0,0.00,0.00,-1000.00,-1000.00,0.00,-1000.00
399030656818342_1068413579880043,ছোটখাট অনেক ভুল আমাদের থাকতে পারে। কিন্তু স্বপ্নগুলো তো আর ভুল নয়। তাই ছোট ছোট স্বপ্ন পূরণের কাজে সারা দেশে নেমে গেছে স্বপ্ন। স্বপ্নের সাথে থাকুন।,,video,https://www.facebook.com/Shwapno.ACILL/videos/1068413579880043/,2016-07-25 13:54:46,44531,554,3119,43852,480,116,49,21,13,0,0.00,0.00,-1000.00,-1000.00,0.00,-1000.00
399030656818342_1056587721062629,"EID MUBARAK

May this EID glorify our Motherland with unity and strength.",Timeline Photos,photo,https://www.facebook.com/Shwapno.ACILL/photos/a.399106963477378.104125.399030656818342/1056587721062629/?type=3,2016-07-06 08:50:43,5654,31,14,5632,17,3,2,0,0,0,0.00,0.78,-1000.00,3.00,0.20,0.66
399030656818342_1052547304800004,,SHWAPNO,video,https://www.facebook.com/Shwapno.ACILL/videos/1041162685938466/,2016-06-29 02:10:29,161,1,0,161,0,0,0,0,0,0,0.00,0.00,-1000.00,-1000.00,0.00,-1000.00
399030656818342_1051953491526052,কেনাকাটা সহজ করার পাশাপাশি ভোক্তার অধিকার সুপ্রতিষ্ঠিত করার জন্যই অর্গানাইজড রিটেইলের জন্ম,মধ্যবিত্ত জীবনের ছোট ছোট স্বপ্নের অংশীদার হওয়ার চেষ্টা করে ‘স্বপ্ন’,link,http://bonikbarta.com/news/2016-06-28/79077/মধ্যবিত্ত-জীবনের-ছোট-ছোট-স্বপ্নের-অংশীদার-হওয়ার-চেষ্টা-করে-‘স্বপ্ন’/,2016-06-28 01:55:40,957,11,33,951,3,2,1,0,0,0,0.00,0.00,-1000.00,-1000.00,0.00,-1000.00
399030656818342_1048625298525538,"Dress your dreams to make your mark: http://bit.ly/EidCollection2016

All dresses are available across all outlets throughout Ramadan",Timeline Photos,photo,https://www.facebook.com/Shwapno.ACILL/photos/a.399106963477378.104125.399030656818342/1048625298525538/?type=3,2016-06-26 10:40:00,390,4,1,386,3,0,1,0,0,0,0.40,0.40,-1000.00,1.00,0.60,0.00
399030656818342_1048624818525586,"Dress your dreams to make your mark: http://bit.ly/EidCollection2016

All dresses are available across all outlets throughout Ramadan",Timeline Photos,photo,https://www.facebook.com/Shwapno.ACILL/photos/a.399106963477378.104125.399030656818342/1048624818525586/?type=3,2016-06-25 23:39:00,10650,16,4,10626,11,12,1,0,0,0,0.40,0.40,-1000.00,1.00,0.60,0.00
399030656818342_1048624531858948,"SHWAPNO Eid Collection 2016 
Dress Your Dreams to Make Your Mark
VIEW EID COLLECTION: http://bit.ly/EidCollection2016",Timeline Photos,photo,https://www.facebook.com/Shwapno.ACILL/photos/a.399106963477378.104125.399030656818342/1048624531858948/?type=3,2016-06-25 10:37:00,4011,7,1,3995,13,1,2,0,0,0,0.00,0.40,-1000.00,2.00,0.10,0.63
399030656818342_1048623615192373,"SHWAPNO Introduces Eid Collection 2016 [FULL ALBUM]: http://bit.ly/EidCollection2016

All dresses will be available across all outlets from 1st Ramadan",Timeline Photos,photo,https://www.facebook.com/Shwapno.ACILL/photos/a.399106963477378.104125.399030656818342/1048623615192373/?type=3,2016-06-24 23:36:00,9794,15,8,9739,31,18,5,1,0,0,0.38,0.00,-1000.00,1.00,0.50,0.00
399030656818342_1048623455192389,"Dress your dreams to make your mark: http://bit.ly/EidCollection2016

All dresses will be available across all outlets from 1st Ramadan",Timeline Photos,photo,https://www.facebook.com/Shwapno.ACILL/photos/a.399106963477378.104125.399030656818342/1048623455192389/?type=3,2016-06-24 10:35:00,361,3,0,358,1,0,1,0,1,0,0.40,0.40,-1000.00,1.00,0.60,0.00
399030656818342_1048622988525769,"VIEW EID COLLECTION: http://bit.ly/EidCollection2016

All dresses will be available across all outlets throughout Ramadan",Timeline Photos,photo,https://www.facebook.com/Shwapno.ACILL/photos/a.399106963477378.104125.399030656818342/1048622988525769/?type=3,2016-06-23 23:34:00,3500,9,1,3492,5,3,0,0,0,0,0.40,0.00,-1000.00,2.00,0.60,0.00
399030656818342_1048632555191479,"Dress your dreams to make your mark: http://bit.ly/EidCollection2016

All dresses are available across all outlets throughout Ramadan",Timeline Photos,photo,https://www.facebook.com/Shwapno.ACILL/photos/a.399106963477378.104125.399030656818342/1048632555191479/?type=3,2016-06-23 10:50:00,409,4,2,403,5,1,0,0,0,0,0.40,0.40,-1000.00,1.00,0.60,0.00
399030656818342_1048622455192489,"SHWAPNO Introduces Eid Collection 2016 [FULL ALBUM]: http://bit.ly/EidCollection2016

All dresses will be available across all outlets throughout Ramadan",Timeline Photos,photo,https://www.facebook.com/Shwapno.ACILL/photos/a.399106963477378.104125.399030656818342/1048622455192489/?type=3,2016-06-22 23:32:00,474,6,2,472,2,0,0,0,0,0,0.38,0.00,-1000.00,1.00,0.50,0.00
399030656818342_1048622118525856,"Dress your dreams to make your mark: http://bit.ly/EidCollection2016

All dresses will be available across all outlets throughout Ramadan",Timeline Photos,photo,https://www.facebook.com/Shwapno.ACILL/photos/a.399106963477378.104125.399030656818342/1048622118525856/?type=3,2016-06-22 12:20:17,24710,59,11,24652,34,19,4,1,0,0,0.40,0.40,-1000.00,3.00,0.60,0.00
399030656818342_1048621298525938,"VIEW EID COLLECTION: http://bit.ly/EidCollection2016

All dresses will be available across all outlets throughout Ramadan",Timeline Photos,photo,https://www.facebook.com/Shwapno.ACILL/photos/a.399106963477378.104125.399030656818342/1048621298525938/?type=3,2016-06-22 12:17:45,3413,8,4,3401,9,1,1,0,1,0,0.40,0.00,-1000.00,2.00,0.60,0.00
399030656818342_1047151512006250,Enjoy 10% Cash Back on Your Purchase from Shwapno with UCB Cards :),Timeline Photos,photo,https://www.facebook.com/Shwapno.ACILL/photos/a.399106963477378.104125.399030656818342/1047151512006250/?type=3,2016-06-20 04:21:10,118,1,3,118,0,0,0,0,0,0,0.30,0.74,-1000.00,1.00,0.70,0.71
399030656818342_1046762642045137,What did you do to make your father happy on this father’s day?,Timeline Photos,photo,https://www.facebook.com/Shwapno.ACILL/photos/a.399106963477378.104125.399030656818342/1046762642045137/?type=3,2016-06-19 09:46:55,346,3,13,339,7,0,0,0,0,0,0.80,0.57,-1000.00,2.00,0.10,0.00
399030656818342_1045192155535519,"চঞ্চল চৌধুরী - অভিনেতা? নাকি মাছ বিক্রেতা?

Creative: Gousul Alam Shaon
Direction: Amitabh Reza",চঞ্চল চৌধুরী অভিনেতা নাকি মাছ বিক্রেতা?,video,https://www.facebook.com/Shwapno.ACILL/videos/1045192155535519/,2016-06-16 14:42:21,36525,441,3627,34550,233,415,1277,16,34,0,0.50,0.50,-1000.00,2.00,0.10,-1000.00
399030656818342_1045181252203276,"চঞ্চল চৌধুরী - অভিনেতা? নাকি সবজি বিক্রেতা?

Creative: Gousul Alam Shaon
Direction: Amitabh Reza",চঞ্চল চৌধুরী অভিনেতা নাকি সবজি বিক্রেতা?,video,https://www.facebook.com/Shwapno.ACILL/videos/1045181252203276/,2016-06-16 14:20:19,60100,780,5996,57084,428,651,1848,19,70,0,0.50,0.50,-1000.00,2.00,0.10,-1000.00
399030656818342_1044512032270198,"SHWAPNO Introduces Eid Collection 2016 [FULL ALBUM]: http://bit.ly/EidCollection2016

All dresses will be available across all outlets from 1st Ramadan",Timeline Photos,photo,https://www.facebook.com/Shwapno.ACILL/photos/a.399106963477378.104125.399030656818342/1044512032270198/?type=3,2016-06-15 09:57:09,4947,41,7,4921,9,17,0,0,0,0,0.38,0.00,-1000.00,1.00,0.50,0.00
399030656818342_1044511268936941,"VIEW EID COLLECTION: http://bit.ly/EidCollection2016

All dresses will be available across all outlets throughout Ramadan",Timeline Photos,photo,https://www.facebook.com/Shwapno.ACILL/photos/a.399106963477378.104125.399030656818342/1044511268936941/?type=3,2016-06-15 09:54:26,619,2,4,616,3,0,0,0,0,0,0.40,0.00,-1000.00,2.00,0.60,0.00
399030656818342_1043213625733372,"Ramadan Mubarak, Introducing Eid Collection 2016

VIEW FULL ALBUM: http://bit.ly/EidCollection2016

All dresses will be available across all outlets throughout Ramadan",Timeline Photos,photo,https://www.facebook.com/Shwapno.ACILL/photos/a.399106963477378.104125.399030656818342/1043213625733372/?type=3,2016-06-12 23:18:33,9085,17,6,9043,17,10,14,0,1,0,0.38,0.00,-1000.00,1.00,0.60,0.00
399030656818342_1043213165733418,"VIEW EID COLLECTION: http://bit.ly/EidCollection2016

All dresses will be available across all outlets throughout Ramadan",Timeline Photos,photo,https://www.facebook.com/Shwapno.ACILL/photos/a.399106963477378.104125.399030656818342/1043213165733418/?type=3,2016-06-12 23:17:13,4409,5,5,4397,10,2,0,0,0,0,0.40,0.00,-1000.00,2.00,0.60,0.00
399030656818342_1042777695776965,"""আমাদের বেশির ভাগ শাকসবজি সরাসরি কৃষকের কাছ থেকে আসছে। এটা শতভাগ করতে আমরা মধ্যস্বত্বভোগীদের নানা বাধা-বিপত্তির মুখে পড়ছি। তবে আমরা বসে নেই। আমাদের লক্ষ্য, স্বপ্নের ৯০ শতাংশ পণ্য আসবে সরাসরি কৃষকের কাছ থেকে। তাঁদের উন্নয়ন ও স্বপ্নপূরণে আমাদের অঙ্গীকার আছে। বর্তমানে আমাদের কিছু চুক্তিভিত্তিক কৃষি ক্ষেত্র আছে। এর মাধ্যমে আমরা কৃষককে ন্যায্য মূল্য দেওয়ার চেষ্টা করছি। একই সঙ্গে তাঁদের বিভিন্ন কৃষি উপকরণ কম মূল্যে এবং কখনো কখনো বিনা মূল্যে দিয়ে থাকি। সরাসরি কৃষি উত্পাদন আমাদের মূল প্রতিষ্ঠান এসিআই করতেই পারে। কিন্তু আমরা তা না করে কন্ট্রাক্ট ফার্মিংয়ের মাধ্যমে কৃষকদের কাছ থেকে পণ্য নিয়ে জীবন-মান উন্নয়নের চেষ্টা করে যাব।"" 

- কালের কণ্ঠ কে দেয়া সাক্ষাৎকারে বলেছেন ‘স্বপ্ন‘’ এর নির্বাহী পরিচালক, জনাব সাব্বির হাসান নাসির",‘স্বপ্ন’ হবে এ দেশের ওয়ালমার্ট | কালের কণ্ঠ,link,http://www.kalerkantho.com/print-edition/income-expense/2016/06/12/368771,2016-06-12 05:27:15,3889,25,84,3868,10,3,8,0,0,0,0.00,0.00,-1000.00,2.00,0.00,-1000.00
399030656818342_1041162685938466,"| Shwapno Eid Collection 2016 |
Dress Your Dreams to Make Your Mark

VIEW EID COLLECTION: http://bit.ly/EidCollection2016",| Shwapno Eid Collection 2016 |,video,https://www.facebook.com/Shwapno.ACILL/videos/1041162685938466/,2016-06-09 07:23:42,24673,157,608,24146,259,215,32,3,18,0,0.00,0.40,-1000.00,2.00,0.10,0.63
399030656818342_1040030926051642,"VIEW EID COLLECTION: http://bit.ly/EidCollection2016

All dresses will be available across all outlets throughout Ramadan",Timeline Photos,photo,https://www.facebook.com/Shwapno.ACILL/photos/a.399106963477378.104125.399030656818342/1040030926051642/?type=3,2016-06-07 09:12:31,17878,42,11,17830,29,14,3,0,2,0,0.40,0.00,-1000.00,2.00,0.60,0.00
399030656818342_1040030119385056,"Ramadan Mubarak, Introducing Eid Collection 2016

VIEW FULL ALBUM: http://bit.ly/EidCollection2016

All dresses will be available across all outlets throughout Ramadan",Timeline Photos,photo,https://www.facebook.com/Shwapno.ACILL/photos/a.399106963477378.104125.399030656818342/1040030119385056/?type=3,2016-06-07 09:08:48,2596,9,4,2584,10,1,1,0,0,0,0.38,0.00,-1000.00,1.00,0.60,0.00
399030656818342_1039230772798324,"Ramadan Mubarak, Introducing Eid Collection 2016

VIEW FULL ALBUM: http://bit.ly/EidCollection2016

All dresses will be available across all outlets from 1st Ramadan",Timeline Photos,photo,https://www.facebook.com/Shwapno.ACILL/photos/a.399106963477378.104125.399030656818342/1039230772798324/?type=3,2016-06-05 23:14:51,8310,40,9,8284,16,7,1,0,2,0,0.38,0.00,-1000.00,1.00,0.60,0.00
399030656818342_1039230432798358,"Ramadan Mubarak!  SHWAPNO Eid Collection 2016 is here [FULL ALBUM]: http://bit.ly/EidCollection2016

All dresses will be available across all outlets from 1st Ramadan",Timeline Photos,photo,https://www.facebook.com/Shwapno.ACILL/photos/a.399106963477378.104125.399030656818342/1039230432798358/?type=3,2016-06-05 23:13:36,10727,21,7,10696,18,8,1,3,1,0,0.38,0.00,-1000.00,2.00,0.30,0.00
399030656818342_1039229872798414,"SHWAPNO Introduces Eid Collection 2016 [FULL ALBUM]: http://bit.ly/EidCollection2016

All dresses will be available across all outlets from 1st Ramadan",Timeline Photos,photo,https://www.facebook.com/Shwapno.ACILL/photos/a.399106963477378.104125.399030656818342/1039229872798414/?type=3,2016-06-05 23:11:25,528,9,2,522,2,3,1,0,0,0,0.38,0.00,-1000.00,1.00,0.50,0.00
399030656818342_1038275072893894,"Dress Your Dreams to Make Your Mark

VIEW EID COLLECTION: http://bit.ly/EidCollection2016

All dresses will be available across all outlets from 1st Ramadan",Timeline Photos,photo,https://www.facebook.com/Shwapno.ACILL/photos/a.399106963477378.104125.399030656818342/1038275072893894/?type=3,2016-06-04 03:33:53,6627,18,10,6588,27,10,2,0,0,0,0.40,0.40,-1000.00,2.00,-0.10,0.00
399030656818342_1038273359560732,"Introducing Eid Collection 2016 

VIEW FULL ALBUM: http://bit.ly/EidCollection2016

All dresses will be available across all outlets from 1st Ramadan",Timeline Photos,photo,https://www.facebook.com/Shwapno.ACILL/photos/a.399106963477378.104125.399030656818342/1038273359560732/?type=3,2016-06-04 03:28:44,7433,22,9,7409,15,7,1,0,1,0,0.38,0.00,-1000.00,1.00,0.50,0.00
399030656818342_1038272986227436,"SHWAPNO Introduces Eid Collection 2016 [FULL ALBUM]: http://bit.ly/EidCollection2016

All dresses will be available across all outlets from 1st Ramadan",Timeline Photos,photo,https://www.facebook.com/Shwapno.ACILL/photos/a.399106963477378.104125.399030656818342/1038272986227436/?type=3,2016-06-04 03:26:08,2309,8,7,2304,3,1,1,0,0,0,0.38,0.00,-1000.00,1.00,0.50,0.00
399030656818342_1037156253005776,"Dress Your Dreams to Make Your Mark

All Dresses Will be Available Across All Outlets from 1st Ramadan!",| Shwapno Introduces Eid Collection 2016 |,photo,https://www.facebook.com/Shwapno.ACILL/photos/a.1036461209741947.1073741869.399030656818342/1037152936339441/?type=3,2016-06-02 03:26:01,3079,28,54,3049,19,11,0,0,0,0,0.50,0.46,-1000.00,1.00,0.60,0.00
399030656818342_1036461263075275,"Dress Your Dreams to Make Your Mark

All Dresses Will be Available Across All Outlets from 1st Ramadan!",| Shwapno Introduces Eid Collection 2016 |,photo,https://www.facebook.com/Shwapno.ACILL/photos/a.1036461209741947.1073741869.399030656818342/1036504056404329/?type=3,2016-06-01 06:11:57,3079,28,54,3049,19,11,0,0,0,0,0.50,0.46,-1000.00,1.00,0.60,0.00
399030656818342_1034851573236244,Enjoy 10% discount on Atif Aslam concert tickets 29th May 2016,,status,,2016-05-29 00:17:38,68,1,2,68,0,0,0,0,0,0,0.40,0.49,-1000.00,1.00,0.90,0.00
399030656818342_1024883797566355,"Bagha Ayer weighing 73 kg!!!
Will be available at our Banani 2 Outlet:)",Timeline Photos,photo,https://www.facebook.com/Shwapno.ACILL/photos/a.399106963477378.104125.399030656818342/1024883797566355/?type=3,2016-05-10 03:04:55,346,7,8,334,2,7,2,1,0,0,0.45,0.00,-1000.00,2.00,0.10,0.49
399030656818342_1024303574291044,,SHWAPNO's cover photo,photo,https://www.facebook.com/Shwapno.ACILL/photos/a.399067076814700.104099.399030656818342/1024303534291048/?type=3,2016-05-09 05:14:16,605,5,7,584,12,8,0,0,0,1,0.00,0.00,-1000.00,-1000.00,0.00,-1000.00
399030656818342_1017150388339696,তীব্র এই গরমে হয়ে যাক এক গ্লাস আম-পুদিনার ঠাণ্ডা সরবত। শেয়ার করতে ভুলবেন না যেন :),Timeline Photos,photo,https://www.facebook.com/Shwapno.ACILL/photos/a.399106963477378.104125.399030656818342/1017150388339696/?type=3,2016-04-26 06:29:22,971,17,156,958,7,5,0,0,1,0,0.50,0.46,-1000.00,2.00,0.00,-1000.00
399030656818342_1013329412055127,"গরুর মাংসের শাহী রেজালা!
রেসিপিটি তৈরি করুন আর উপভোগ করুন আপনার প্রিয়জনদের সাথে :)",Timeline Photos,photo,https://www.facebook.com/Shwapno.ACILL/photos/a.399106963477378.104125.399030656818342/1013329412055127/?type=3,2016-04-19 05:05:16,357,9,21,354,2,0,0,0,1,0,0.50,0.51,-1000.00,2.00,0.00,-1000.00
399030656818342_1011704812217587,"71 kg Bagha Ayir!!!
Available at our Zindabazaar, Sylhet Outlet :)
#Shwapno #Fish #Bangladesh",Timeline Photos,photo,https://www.facebook.com/Shwapno.ACILL/photos/a.399106963477378.104125.399030656818342/1011704812217587/?type=3,2016-04-16 03:28:26,356,5,8,342,2,12,0,0,0,0,0.45,0.60,-1000.00,2.00,0.20,0.00
399030656818342_1010447469009988,"আসছে বছরে স্বপ্ন গুলো সত্যি হোক। 
শুভ নববর্ষ ১৪২৩
#Shwapno #Boishakh #Bangladesh",,status,,2016-04-13 21:10:25,182,7,0,182,0,0,0,0,0,0,0.00,0.00,-1000.00,-1000.00,0.00,-1000.00
399030656818342_1009403445781057,"""স্মোকড হিলসা উইথ গ্রিন পিজ"" 
রেসিপিটি তৈরি করুন আর উপভোগ করুন আপনার প্রিয়জনদের সাথে!
#Shwapno #Recipe #Hilsha #Boishakh",Timeline Photos,photo,https://www.facebook.com/Shwapno.ACILL/photos/a.399106963477378.104125.399030656818342/1009403445781057/?type=3,2016-04-12 02:31:21,201,6,7,200,1,0,0,0,0,0,0.00,0.00,-1000.00,2.00,0.00,-1000.00
399030656818342_1005941219460613,|| SUMMER COLLECTION 2016 ||,|| SUMMER COLLECTION 2016 ||,video,https://www.facebook.com/Shwapno.ACILL/videos/1005941219460613/,2016-04-06 07:02:20,11183,122,651,10875,164,125,15,2,2,0,0.00,0.00,-1000.00,2.00,0.20,0.48
399030656818342_1005326916188710,,এ সপ্তাহের রেসিপি,photo,https://www.facebook.com/Shwapno.ACILL/photos/a.985282074859861.1073741866.399030656818342/1005326916188710/?type=3,2016-04-05 04:06:43,179,2,7,179,0,0,0,0,0,0,0.00,0.00,-1000.00,-1000.00,0.00,-1000.00
399030656818342_1001922046529197,,|| Summer Collection 2016 ||,photo,https://www.facebook.com/Shwapno.ACILL/photos/a.1001095316611870.1073741868.399030656818342/1001922046529197/?type=3,2016-03-31 03:14:48,327,12,10,318,6,3,0,0,0,0,0.00,0.00,-1000.00,-1000.00,0.00,-1000.00
399030656818342_1001095403278528,,|| Summer Collection 2016 ||,photo,https://www.facebook.com/Shwapno.ACILL/photos/a.1001095316611870.1073741868.399030656818342/1001095403278528/?type=3,2016-03-30 06:05:18,327,12,10,318,6,3,0,0,0,0,0.00,0.00,-1000.00,-1000.00,0.00,-1000.00
399030656818342_1001090803278988,"রেসিপি টি তৈরী করে উপভোগ করুন পরিবার ও অতিথিদের সাথে। আশা করি ভালো লাগবে!
আমাদের সাথে share করতে ভুলবেন না! #Recipe #Fish #Hilsha #Boishakh",Timeline Photos,photo,https://www.facebook.com/Shwapno.ACILL/photos/a.399106963477378.104125.399030656818342/1001090803278988/?type=3,2016-03-30 04:27:17,345,6,29,342,2,0,1,0,0,0,0.00,0.42,-1000.00,3.00,0.10,-1000.00
399030656818342_997348780319857,"স্বধীনতা মানে মনের মাঝে স্বপ্ন বেড়ে ওঠা।
স্বাধীনতা মানে স্বপ্নগুলো সত্যি হতে দেখা। 
চলুন আমরা স্বপ্ন দেখি সুন্দর, সফল ও নিরাপদ বাংলাদেশের। স্বাধীনতা দিবসের শুভেচ্ছা!",,status,,2016-03-25 23:36:18,169,2,4,169,0,0,0,0,0,0,0.00,0.00,-1000.00,2.00,0.00,-1000.00
