status_id,status_message,link_name,status_type,status_link,status_published,num_reactions,num_comments,num_shares,num_likes,num_loves,num_wows,num_hahas,num_sads,num_angrys,num_special
407422362695986_1232627263508821,"On this Global Handwashing Day Lifebuoy created history along with more than 11,000 Bangladeshi children by aiming for the GUINNESS WORLD RECORDS™ title of Largest Human Image of a Hand.  #High5forHandwashing",Largest Human Image of a Hand by Lifebuoy Bangladesh,video,https://www.facebook.com/lifebuoybangladesh/videos/1232627263508821/,2017-10-17 04:52:19,226310,1186,2940,221438,2617,1757,343,73,82,0
407422362695986_1231476760290538,"On this Global Handwashing Day Lifebuoy created history along with more than 11,000 Bangladeshi children by aiming for the GUINNESS WORLD RECORDS™ title. #High5forHandwashing",Largest Human Image of a Hand by Lifebuoy,video,https://www.youtube.com/watch?v=O21HXAPGUoc%3Futm_source%3Dfacebook-promotions&utm_medium=social&utm_campaign=gwr-ghd&utm_term=ghd2017&utm_content=lifebuoy,2017-10-15 13:58:44,53644,293,239,53136,250,175,60,7,16,0
407422362695986_1231320593639488,"High5 for Shakib!! 
একদিনের আন্তর্জাতিক ম্যাচে ৫০০০ রানের ক্লাবে স্বাগতম তোমাকে। #High5forHandwashing",,photo,https://www.facebook.com/lifebuoybangladesh/photos/a.407425886028967.1073741825.407422362695986/1231320186972862/?type=3,2017-10-15 10:36:02,132144,264,104,130944,691,134,346,8,21,0
407422362695986_1231033873668160,বিশ্ব হাত ধোয়া দিবসে হাত ধোয়ার মত জীবন রক্ষাকারী অভ্যাস সম্পর্কে সচেতন করতে যে শিশুরা অংশ নিয়েছিল তাদের শুভ কামনা জানিয়েছেন বিশ্ব সেরা অল রাউন্ডার সাকিব আল হাসান।,,video,https://www.facebook.com/lifebuoybangladesh/videos/1231033873668160/,2017-10-15 04:31:39,8411,80,109,8130,160,15,100,2,4,0
407422362695986_1230914853680062,"বিশ্ব হাত ধোয়া দিবস ২০১৭ উপলক্ষে Largest Human Image of a Hand তৈরী করার মাধ্যমে GUINNESS WORLD RECORDS™ title অর্জনের উদ্যোগ নিয়েছে লাইফবয়। বাচ্চাদের সঠিক নিয়মে হাত ধোয়ার মতো একটি জীবন রক্ষাকারী অভ্যাস শেখাতে এবং এই বিষয়ে সচেতনতা সৃষ্টি করতে লাইফবয়-এর সাথে এই উদ্দ্যোগে অংশ নিয়েছে বাংলাদেশের ১১,০০০-এরও বেশি ছাত্র-ছাত্রী। #High5forHandwashing",,photo,https://www.facebook.com/lifebuoybangladesh/photos/a.407425886028967.1073741825.407422362695986/1230913760346838/?type=3,2017-10-15 00:03:11,796820,3843,3713,786992,4310,4445,857,98,118,0
407422362695986_1230906020347612,,Lifebuoy's cover photo,photo,https://www.facebook.com/lifebuoybangladesh/photos/a.407785259326363.1073741828.407422362695986/1230905860347628/?type=3,2017-10-14 23:40:41,461,2,3,448,10,3,0,0,0,0
407422362695986_1228115200626694,স্ক্রিনশট নিয়ে করো হাই ফাইভ। প্রতিটা হাই ফাইভ এর জন্য আমরা ৫টি শিশুকে শেখাবো হাত ধোয়ার অভ্যাস। #High5forHandwashing,,video,https://www.facebook.com/lifebuoybangladesh/videos/1228115200626694/,2017-10-11 10:00:01,5197,843,37,4977,82,19,106,5,8,0
407422362695986_1223972471040967,"সাকিবের হাই ফাইভ করার কারণ গুলো জানলেন। একটা  ভালো কারনেও আপনারা হাই ফাইভ করতে পারেন, সেটা হল সঠিক নিয়মে হ্যান্ড ওয়াশিং। #High5forHandwashing দিয়ে কমেন্ট করুণ। আপনার প্রতিটি হাই ফাইভ এর জন্য লাইফবয় টিম ৫ জন শিশু কে সঠিক নিয়মে হ্যান্ড ওয়াশিং শিখাবে।",,video,https://www.facebook.com/lifebuoybangladesh/videos/1223972471040967/,2017-10-05 22:43:29,4900,46,165,4763,76,7,47,2,5,0
407422362695986_1222578087847072,"করো হাই ফাইভ। প্রতিটা হাই ফাইভ এর জন্য আমরা ৫টি শিশুকে শেখাবো হাত ধোয়ার অভ্যাস। 
তোমার হাই ফাইভ করা ছবি  #High5forHandwashing লিখে আপলোড করো ফেসবুক কিংবা ইন্সটাগ্রামে।",,photo,https://www.facebook.com/lifebuoybangladesh/photos/a.407425886028967.1073741825.407422362695986/1222577451180469/?type=3,2017-10-04 02:40:59,261572,495,258,260774,439,142,175,20,22,0
407422362695986_1220652091373005,মেয়ে নতুন কিছু শিখলে সাকিব তার সাথে হাই ফাইভ করে । আপনি কখন হাই ফাইভ করেন?,,video,https://www.facebook.com/lifebuoybangladesh/videos/1220652091373005/,2017-10-01 10:36:51,5469,47,130,5248,99,21,98,0,3,0
407422362695986_1218442808260600,আমরা জানলাম সাকিব কখন হাই ফাইভ করে। এবার আপনারা জানান আপনারা কখন হাই ফাইভ করেন।,,video,https://www.facebook.com/lifebuoybangladesh/videos/1218442808260600/,2017-09-28 11:56:34,57183,494,503,55448,749,100,827,15,44,0
407422362695986_1216259688478912,এই বৃষ্টির মৌসুমে জীবাণু থেকে সুরক্ষিত থাকুন!,,video,https://www.facebook.com/lifebuoybangladesh/videos/1216259688478912/,2017-09-25 05:01:32,121184,389,2007,119585,546,152,794,50,57,0
407422362695986_1197836033654611,"দিনে ৫ সময় ব্যবহার করো লাইফবয়
সাকিবের মত তোমরাও জীবাণুদের উইকেট ফেলো ঝটপট!",Timeline Photos,photo,https://www.facebook.com/lifebuoybangladesh/photos/a.407425886028967.1073741825.407422362695986/1197836033654611/?type=3,2017-08-31 02:07:58,53202,83,35,52710,198,45,241,2,6,0
407422362695986_1190731341031747,Have a slice or the whole Pizza! But don’t forget to wash your hands with Lifebuoy to keep germs away!,Animated GIF - Find & Share on GIPHY,link,https://giphy.com/gifs/l3fzQXQsjhr5fERws?status=200,2017-08-23 00:00:00,5763,16,46,5671,47,8,25,4,8,0
407422362695986_1190733274364887,Protect yourself from infection-causing germs with activ silver in Lifebuoy!,Animated GIF - Find & Share on GIPHY,link,https://giphy.com/gifs/l3fzNjGxwmB5AbmcU?status=200,2017-08-22 09:00:00,8191,26,53,8075,53,10,40,4,9,0
407422362695986_1190730487698499,Have a slice or the whole cake! But don’t forget to wash your hands with Lifebuoy to keep germs away!,Animated GIF - Find & Share on GIPHY,link,https://giphy.com/gifs/3owvKdYIsWduCpgDte?status=200,2017-08-22 03:13:42,6467,33,80,6321,70,21,39,7,9,0
407422362695986_1157612551010293,Protect yourself from infection-causing germs with New Silver Lifebuoy!,New Silver Lifebuoy,video,https://www.facebook.com/lifebuoybangladesh/videos/1157612551010293/,2017-07-11 01:02:56,34315,185,355,33777,207,60,228,14,29,0
407422362695986_1127038387401043,প্রতিদিন ইফতারের আগে হোক লাইফবয় টাইম!,Lifebuoy Iftar time 2 | Lifebuoy Bangladesh,video,https://www.facebook.com/lifebuoybangladesh/videos/1127038387401043/,2017-06-04 07:13:10,10169,60,138,9982,81,12,79,6,9,0
407422362695986_1127037937401088,"পরিবারের সবার সাথে, ইফতারের আগে হোক লাইফবয় টাইম।",Lifebuoy Iftar time | Lifebuoy Bangladesh,video,https://www.facebook.com/lifebuoybangladesh/videos/1127037937401088/,2017-06-04 07:13:02,9991,67,139,9824,79,22,48,8,10,0
407422362695986_1127039264067622,ইফতারের আগে লাইফবয় দিয়ে হাত ধুয়েছেন তো?,Lifebuoy Iftar timing 3 | Lifebuoy Bangladesh,video,https://www.facebook.com/lifebuoybangladesh/videos/1127039264067622/,2017-06-04 07:12:53,5512,55,73,5379,52,4,72,3,2,0
407422362695986_1121050451333170,,Lifebuoy's cover photo,photo,https://www.facebook.com/lifebuoybangladesh/photos/a.407785259326363.1073741828.407422362695986/1121050357999846/?type=3,2017-05-27 23:19:21,154,2,5,149,4,1,0,0,0,0
407422362695986_1104494102988805,"Want to win 5 free tickets to Guardians of the Galaxy 2? 
Take a screenshot of the Lifebuoy Handwash –your guardian against germs and share it on your own profile with the hashtags #High5 and #GuardiansoftheGalaxy2

For detailed rules and regulation, click here: http://bit.ly/2pfzBDS",media.giphy.com,link,https://media.giphy.com/media/xUPGcJlmQtbqOw3B7i/giphy.gif,2017-05-09 04:34:10,64821,914,129,64557,84,24,97,0,5,54
407422362695986_1064533050318244,"Handwashing allows you to keep your hands clean and free from germs and bacteria, therefore, lessening the chances of spreading diseases.",Timeline Photos,photo,https://www.facebook.com/lifebuoybangladesh/photos/a.407425886028967.1073741825.407422362695986/1064533050318244/?type=3,2017-03-27 07:55:13,38039,113,115,37885,96,23,22,8,5,0
407422362695986_1006085949496288,Congratulations to our brand ambassador Shakib Al Hasan for scoring a double century and breaking the record of highest individual score by a Bangladeshi batsman in Test Cricket!,Timeline Photos,photo,https://www.facebook.com/lifebuoybangladesh/photos/a.407425886028967.1073741825.407422362695986/1006085949496288/?type=3,2017-01-13 03:18:36,196987,834,321,195660,953,228,95,20,31,0
407422362695986_932264120211805,Shakib Al Hasan celebrated this Global Handwashing Day with Lifebuoy-teaching school children the importance of washing hands with soap.,,video,https://www.facebook.com/lifebuoybangladesh/videos/932264120211805/,2016-10-18 12:43:12,379316,1663,2917,376187,2009,622,352,61,85,0
407422362695986_931541096950774,"This Global Handwashing Day, Shakib Al Hasan came over to give us a high5 and share his thoughts about the importance of handwashing, and how it can help prevent so many germs and infections.",Timeline Photos,photo,https://www.facebook.com/lifebuoybangladesh/photos/a.407425886028967.1073741825.407422362695986/931541096950774/?type=3,2016-10-17 11:17:37,495069,1470,833,492792,1321,550,291,56,59,0
407422362695986_929269907177893,"Thank you to all who are sending your high5's. We have one more day to go for Global Handwashing Day so keep those high5s coming! 
How to send a High5:

1. Wash your hands
2. Give a high5 with someone and take a photo 
3. Inbox that photo to us or mail us at lifebuoybangladesh@gmail.com",Timeline Photos,photo,https://www.facebook.com/lifebuoybangladesh/photos/a.407425886028967.1073741825.407422362695986/929269907177893/?type=3,2016-10-14 12:07:12,85551,190,36,85444,54,21,24,7,1,0
407422362695986_926990400739177,,Lifebuoy's cover photo,photo,https://www.facebook.com/lifebuoybangladesh/photos/a.407785259326363.1073741828.407422362695986/926989927405891/?type=3,2016-10-11 13:07:18,871,9,3,863,7,1,0,0,0,0
407422362695986_926989550739262,This Global Handwashing Day Lifebuoy is asking you for a high5! Join in on our Global Handwashing Day celebration by sending a photo of you giving a high5 to us at our inbox or at lifebuoybangladesh@gmail.com.,Timeline Photos,photo,https://www.facebook.com/lifebuoybangladesh/photos/a.407425886028967.1073741825.407422362695986/926989550739262/?type=3,2016-10-11 13:06:52,183308,418,147,183029,146,46,68,12,7,0
407422362695986_926896904081860,"সকল শিশুকে প্রতিরোধযোগ্য রোগের হাত থেকে নিরাপদ রাখার স্বপ্ন ছিল আমাদের, এবং এই স্বপ্ন বাস্তবায়নে সাহায্য করে যাচ্ছে তূর্যর মতো আরো অনেক লাইফবয় লাইফসেভার।",The story of Turjo Ahmed | A Lifebuoy Lifesaver,video,https://www.facebook.com/lifebuoybangladesh/videos/926896904081860/,2016-10-11 11:05:15,618235,4586,11528,611757,3346,606,352,2051,123,0
407422362695986_861443700627181,,Lifebuoy's cover photo,photo,https://www.facebook.com/lifebuoybangladesh/photos/a.407785259326363.1073741828.407422362695986/774714815966737/?type=3,2016-07-10 04:19:57,807,10,6,803,2,1,1,0,0,0
407422362695986_859517030819848,Wishing everyone a wonderful Eid!,Timeline Photos,photo,https://www.facebook.com/lifebuoybangladesh/photos/a.407425886028967.1073741825.407422362695986/859517030819848/?type=3,2016-07-06 15:13:46,45729,62,26,45696,22,9,1,0,1,0
407422362695986_859516850819866,,Lifebuoy's cover photo,photo,https://www.facebook.com/lifebuoybangladesh/photos/a.407785259326363.1073741828.407422362695986/859516717486546/?type=3,2016-07-06 15:13:09,373,1,1,371,2,0,0,0,0,0
407422362695986_853223238115894,"লাইফবয়ের আয়োজিত স্বাস্থ্য বিষয়ক অনুষ্ঠান ""স্বাস্থ্যসুরক্ষা""-এ অ্যাজমা ইনফেকশন সম্পর্কে কথা বলতে আসছেন ডাঃ মৌসুমী আফরিন ইভা। অনুষ্ঠানটি দেখতে পাবেন ইন্ডিপেনডেন্ট টিভিতে ২৪ জুন, সন্ধ্যা ৭ঃ৩০ মিনিটে।",Timeline Photos,photo,https://www.facebook.com/lifebuoybangladesh/photos/a.407425886028967.1073741825.407422362695986/853223238115894/?type=3,2016-06-24 06:06:18,818,4,14,812,5,0,1,0,0,0
407422362695986_853180314786853,,Lifebuoy's cover photo,photo,https://www.facebook.com/lifebuoybangladesh/photos/a.407785259326363.1073741828.407422362695986/853180278120190/?type=3,2016-06-24 04:24:04,347,1,1,345,2,0,0,0,0,0
407422362695986_850112061760345,"শিশুর আল্টিমেট প্রটেক্টর তার বাবা, আর তাকেই নিশ্চিত করতে হবে বাচ্চার শারীরিক সুরক্ষা ও মানসিক বিকাশ। তাই আমাদের অ্যাম্বাসেডর এবং নিউ ড্যাড সাকিব আল হাসান নিয়ে এলেন লাইফবয় অলরাউন্ডার ড্যাড টিপস্‌! সবাইকে বাবা দিবসের শুভেচ্ছা।",gph.is,link,http://gph.is/1UCeTFV,2016-06-18 08:20:54,36105,185,395,35975,70,11,36,6,7,0
407422362695986_848741328564085,"খাওয়ার সময় জীবাণুরা যেতে পারে হাত থেকে মুখে। তাই অ্যাডভান্সড্‌ লাইফবয়, ১০ টি রোগ সৃষ্টিকারী জীবাণু থেকে দেয় সুরক্ষা। তাই ইফতারের আগে লাইফবয় টাইম!",ইফতারের আগে লাইফবয় টাইম,video,https://www.facebook.com/lifebuoybangladesh/videos/848741328564085/,2016-06-15 23:00:00,462,3,36,458,4,0,0,0,0,0
407422362695986_834613089976909,হাত ধোয়ার পরেও নখের নিচে থেকে যেতে পারে ভয়ংকর সব রোগের জীবাণু ! এইসব জীবাণু থেকে সুরক্ষা পেতে  Lifebuoy দিয়ে ভালভাবে হাত ধুয়ে নিন!,Timeline Photos,photo,https://www.facebook.com/lifebuoybangladesh/photos/a.407425886028967.1073741825.407422362695986/834613089976909/?type=3,2016-05-28 05:00:00,26478,121,326,26407,44,8,13,4,2,0
407422362695986_834612293310322,এক গবেষণায় দেখা গেছে মায়েরা বিশ্বাস করে সন্তানরা শীতকালের চেয়ে গরমকালে বেশি অসুস্থ হয়। এই গরমকালে আপনার পরিবার থাকুক Lifebuoy  সুরক্ষায়।,Timeline Photos,photo,https://www.facebook.com/lifebuoybangladesh/photos/a.407425886028967.1073741825.407422362695986/834612293310322/?type=3,2016-05-25 05:00:00,29302,100,230,29242,41,6,12,0,1,0
407422362695986_834611016643783,জানেন কি? জ্বর রোগ নিরাময়েরই একটি উপায়! জীবাণুর আক্রমণে অসুস্থ হওয়া থেকে রক্ষা করতেই জ্বর আসে!,Timeline Photos,photo,https://www.facebook.com/lifebuoybangladesh/photos/a.407425886028967.1073741825.407422362695986/834611016643783/?type=3,2016-05-22 07:00:00,69033,253,1552,68745,178,84,17,3,6,0
407422362695986_834025430035675,Antibacterial soap Lifebuoy কাজ করে রোগ-জীবাণুর বিরুদ্ধে।আপনার পরিবারের সুস্বাস্থ্য নিশ্চিত করতে আপনার সন্তানের নিয়মিত Lifebuoy  দিয়ে হাত ধোয়ার অভ্যাস গড়ে তুলুন।,Timeline Photos,photo,https://www.facebook.com/lifebuoybangladesh/photos/a.407425886028967.1073741825.407422362695986/834025430035675/?type=3,2016-05-18 07:00:00,49674,209,524,49569,64,20,17,0,4,0
407422362695986_800498100055075,"ঝড় বাদলের দিন ফিরে আসছে আবারও, সাথে বোনাস হিসেবে জ্বর, ঠাণ্ডার দাপট। 
তবে সুরক্ষিত থাকুন Lifebuoy নিশ্চয়তায়!",Timeline Photos,photo,https://www.facebook.com/lifebuoybangladesh/photos/a.407425886028967.1073741825.407422362695986/800498100055075/?type=3,2016-03-26 08:00:00,23789,82,140,23691,31,13,45,5,4,0
407422362695986_800497923388426,"প্রতিভা বিকাশের এই সময়ে কোন বাঁধা যেন ওকে আটকে না দিতে পারে! 
আপনার শিশুকে দিন লাইফবয় সুরক্ষার সাথে জীবানুমুক্ত শৈশব!",Timeline Photos,photo,https://www.facebook.com/lifebuoybangladesh/photos/a.407425886028967.1073741825.407422362695986/800497923388426/?type=3,2016-03-23 08:00:01,16807,80,90,16722,46,21,13,2,2,1
407422362695986_800495476722004,"বেড়ে ওঠার এই সময়টিতে আপনার শিশুর প্রয়োজন সুরক্ষার সঠিক শিক্ষা, 
তাইতো Lifebuoy Volunteers ওদের জানাচ্ছে জীবানুমুক্ত থাকার ৫টি 
উপায়! 
আপনি কতটুকু সচেতন?",Timeline Photos,photo,https://www.facebook.com/lifebuoybangladesh/photos/a.407425886028967.1073741825.407422362695986/800495476722004/?type=3,2016-03-20 08:00:00,17874,85,187,17810,34,11,14,2,3,0
407422362695986_777755908995961,"ওই ছোট্ট চোখে অগাধ স্বপ্ন, তাইতো  সারাদিন কাটে অজানা ব্যস্ততায়।  

ওকে থাকতে দিন স্বপ্নের জগতে, আর ওর ছুটে চলা নিশ্চিত হোক Lifebuoy-এর সুরক্ষায়!",Timeline Photos,photo,https://www.facebook.com/lifebuoybangladesh/photos/a.407425886028967.1073741825.407422362695986/777755908995961/?type=3,2016-02-18 09:00:01,91821,261,196,91657,68,17,67,5,7,0
407422362695986_777755338996018,"পুরো পরিবার যখন আপনার ওপর নির্ভর করে তাদের সুস্থতায়, আপনি কি সঠিক সিধান্তটি নিয়েছেন? 

নিশ্চিন্ত হউন Lifebuoy বেছে নিয়ে, সুস্থতার সুরক্ষা!",Timeline Photos,photo,https://www.facebook.com/lifebuoybangladesh/photos/a.407425886028967.1073741825.407422362695986/777755338996018/?type=3,2016-02-14 09:00:00,70290,196,65,70290,0,0,0,0,0,0
407422362695986_777755105662708,"সারাদিন এই কাঁদা মাটির খেলা চলতেই থাকবে। তবে দিনের শেষে ওর সুস্থতার দায়িত্ব কিন্তু আপনার হাতেই!

বেছে নিন Lifebuoy, আপনার কোমলমতি শিশুর সুরক্ষায়!",Timeline Photos,photo,https://www.facebook.com/lifebuoybangladesh/photos/a.407425886028967.1073741825.407422362695986/777755105662708/?type=3,2016-02-10 09:00:01,29311,70,20,29311,0,0,0,0,0,0
407422362695986_777754802329405,"খেলাধুলা যেমন প্রতিদিনের বিষয় তেমনি জীবাণুর আক্রমণও। উপায় কি তাহলে? 

আপনার শিশুকে দিন Lifebuoy, গড়ে তুলুন ওর রোগ প্রতিরোধ রুটিন!",Timeline Photos,photo,https://www.facebook.com/lifebuoybangladesh/photos/a.407425886028967.1073741825.407422362695986/777754802329405/?type=3,2016-02-06 09:00:01,43957,103,37,43957,0,0,0,0,0,0
407422362695986_777753902329495,"চাইলেই কি আটকে রাখা যায় ওদের? শৈশব মানেই দুরন্তপনা। 

তবে আপনি চাইলেই পারেন Lifebuoy-এর সুরক্ষায় আপনার শিশুর সুস্বাস্থ্য নিশ্চিত করতে।",Timeline Photos,photo,https://www.facebook.com/lifebuoybangladesh/photos/a.407425886028967.1073741825.407422362695986/777753902329495/?type=3,2016-02-02 09:00:01,54209,121,38,54209,0,0,0,0,0,0
407422362695986_768511523253733,হাঁচি কিংবা কাশির মাধ্যমে কিন্তু সহজেই জীবাণু ছড়িয়ে পড়ে। প্রতিদিন লাইফবয় ব্যবহার করে জীবাণুমুক্ত হতে ভুলবেন না যেন!,Timeline Photos,photo,https://www.facebook.com/lifebuoybangladesh/photos/a.407425886028967.1073741825.407422362695986/768511523253733/?type=3,2016-01-24 09:15:00,55584,151,51,55584,0,0,0,0,0,0
407422362695986_768511266587092,সুন্দর জীবনের জন্য সুস্থ থাকাটা অনেক বেশি জরুরী।  আর জীবাণুমুক্ত সুস্থ জীবনের জন্য চাই লাইফবয়।,Timeline Photos,photo,https://www.facebook.com/lifebuoybangladesh/photos/a.407425886028967.1073741825.407422362695986/768511266587092/?type=3,2016-01-20 09:15:00,44855,124,47,44855,0,0,0,0,0,0
407422362695986_768511053253780,প্রতিদিন ব্যবহৃত নানা জিনিস থেকে হতে পারে জীবানু সংক্রমণ।আপনার সন্তানের প্রতিদিনের স্বাস্থ সুরক্ষার কথা নিশ্চিত করতে আছে লাইফবয়।,Timeline Photos,photo,https://www.facebook.com/lifebuoybangladesh/photos/a.407425886028967.1073741825.407422362695986/768511053253780/?type=3,2016-01-16 09:15:00,45474,119,52,45474,0,0,0,0,0,0
407422362695986_768510646587154,প্রতিদিনের ক্লাস আর টিফিনের সময়টুকু হোক জীবানুমুক্ত। আপনার সন্তানের স্বাস্থ্য সুরক্ষায় সবসময় পাশে আছে লাইফবয়!,Timeline Photos,photo,https://www.facebook.com/lifebuoybangladesh/photos/a.407425886028967.1073741825.407422362695986/768510646587154/?type=3,2016-01-12 09:15:00,127708,369,174,127708,0,0,0,0,0,0
407422362695986_758253760946176,,The Story of Shanto Das- a Lifebuoy Lifesaver,photo,https://www.facebook.com/lifebuoybangladesh/photos/a.758250877613131.1073741830.407422362695986/758250904279795/?type=3,2015-12-20 06:45:09,527,16,4,527,0,0,0,0,0,0
407422362695986_756990821072470,এই প্রথমবারের মতো এমন একজন লাইফ সেভারের গল্প আমরা আপনাদের সবার সাথে শেয়ার করতে যাচ্ছি যার গল্প জেনে নিঃসন্দেহে আপনি বিস্মিত হবেন! লাইফ সেভার শান্ত দাসের গল্প জানতে চোখ রাখুন লাইফবয়ের পেইজে!,Timeline Photos,photo,https://www.facebook.com/lifebuoybangladesh/photos/a.407425886028967.1073741825.407422362695986/756990821072470/?type=3,2015-12-17 07:00:01,60061,337,122,60061,0,0,0,0,0,0
407422362695986_743583955746490,"লাইফবয়ের ব্র্যান্ড এম্বাসেডর সাকিব আল হাসান এবং তার স্ত্রী উম্মে হাসান শিশির গতকাল রাতে স্বাগতম জানিয়েছেন তাদের প্রথম কন্যা সন্তানকে। 

বিশ্ব সেরা অলরাউন্ডারকে বিশ্ব সেরা বাবা হওয়ার শুভ কামনায় লাইফবয় পরিবার।",Timeline Photos,photo,https://www.facebook.com/lifebuoybangladesh/photos/a.407425886028967.1073741825.407422362695986/743583955746490/?type=3,2015-11-09 09:01:52,68126,274,82,68125,0,0,0,0,1,0
407422362695986_737321939706025,"লাইফবয়ের উদ্যোগে 'বিশ্ব হাত ধোয়া দিবস- ২০১৫' তে স্কুলপড়ুয়া ছোট্ট সোনামণিরা  প্রদর্শন করেছিল ""School of 5"" যেখানে তারা জীবাণুমুক্ত জীবনের অঙ্গীকার গড়তে  আমন্ত্রণ করেছিল সবাইকে! #just1hour",Timeline Photos,photo,https://www.facebook.com/lifebuoybangladesh/photos/a.407425886028967.1073741825.407422362695986/737321939706025/?type=3,2015-10-22 11:20:03,86521,305,181,86521,0,0,0,0,0,0
407422362695986_734728069965412,"Lifebuoy presents Global Handwashing Day 2015-এ উপস্থিত ছিলেন শ্রদ্ধেয় মোস্তফা মনোয়ার, আলি জাকের, এবং গীতিয়ারা সাফিয়া । এবং লাইফবয় লাইফসেভার শান্ত দাস এবং নারায়ণগঞ্জের বন্দর কলাবাগ স্কুলের প্রধান শিক্ষিকার হাতে ক্রেস্ট তুলে দেন জনাব মোস্তফা মনোয়ার। 
#just1hour",Photos from Lifebuoy's post,photo,https://www.facebook.com/lifebuoybangladesh/photos/a.407425886028967.1073741825.407422362695986/734726939965525/?type=3,2015-10-14 09:36:03,20667,126,51,20666,1,0,0,0,0,0
407422362695986_734714456633440,লাইফবয় School of 5- এ ছোট ছোট শিশুদের শেখানো হচ্ছে সঠিক ভাবে হাত ধোয়ার নিয়ম। ই আয়োজনটি সম্পর্কে আরো জানতে আমাদের সাথেই থাকুন। #just1hour,Photos from Lifebuoy's post,photo,https://www.facebook.com/lifebuoybangladesh/photos/a.407425886028967.1073741825.407422362695986/734714216633464/?type=3,2015-10-14 08:35:50,23829,145,100,23828,1,0,0,0,0,0
407422362695986_734706216634264,আর কিছুক্ষণের মধ্যেই শুরু হতে যাচ্ছে Lifebuoy presents Global Handwashing Day 2015. এই আয়োজনটি সম্পর্কে আরো জানতে আমাদের সাথেই থাকুন। #just1hour,Photos from Lifebuoy's post,photo,https://www.facebook.com/lifebuoybangladesh/photos/a.407425886028967.1073741825.407422362695986/734705896634296/?type=3,2015-10-14 08:03:35,390,12,5,389,1,0,0,0,0,0
407422362695986_718269848277901,চান পরিবারের সবার জন্য জীবাণুমুক্ত অবাধ জীবনের স্বাধীনতা? আপনার চারপাশের অদৃশ্য জীবাণু থেকে আপনাকে সুরক্ষা দিতে পাশে আছে লাইফবয়!,Timeline Photos,photo,https://www.facebook.com/lifebuoybangladesh/photos/a.407425886028967.1073741825.407422362695986/718269848277901/?type=3,2015-09-11 10:00:01,25327,85,47,25327,0,0,0,0,0,0
407422362695986_718269471611272,"ছুটির দিনে নানান খেলায় মেতে উঠতে কার না ভালো লাগে? 

কিন্তু সেই আনন্দ মাটি হয়ে যেতে পারে পানি ও ধুলোবালিতে লুকিয়ে থাকা নানান জীবাণুতে! তাই আপনার পরিবারকে সুরক্ষিত রাখতে ব্যবহার করুন লাইফবয়!",Timeline Photos,photo,https://www.facebook.com/lifebuoybangladesh/photos/a.407425886028967.1073741825.407422362695986/718269471611272/?type=3,2015-09-09 10:00:01,36050,109,103,36050,0,0,0,0,0,0
407422362695986_718268924944660,আপনার শিশুর জীবনের সুস্থতা ও নির্মল হাসি ধরে রাখতে তাঁকে নিয়মিত হাত ধোয়ার অভ্যাস করান।,Timeline Photos,photo,https://www.facebook.com/lifebuoybangladesh/photos/a.407425886028967.1073741825.407422362695986/718268924944660/?type=3,2015-09-07 10:00:01,15721,47,50,15721,0,0,0,0,0,0
407422362695986_718268338278052,"ল্যাপটপ, খাতা, কলম- দৈনন্দিন জীবনে প্রয়োজনের এমন অনেক কিছু আমরা ব্যবহার করি যখন তখন। তাই এ সবই হয়ে উঠতে পারে রোগসৃষ্টিকারী জীবাণুর নিরাপদ আশ্রয়! সুস্থ থাকতে হলে নিয়মিত হাত ধুয়ে নিতে ভুলবেন না!",Timeline Photos,photo,https://www.facebook.com/lifebuoybangladesh/photos/a.407425886028967.1073741825.407422362695986/718268338278052/?type=3,2015-09-05 10:00:02,13618,44,36,13618,0,0,0,0,0,0
407422362695986_718268158278070,"এই বৃষ্টিতে পানি ও ধুলোবালিতে লুকিয়ে থাকা নানান জীবাণু নিয়ে থাকুন ভাবনাহীন।

কারণ, আপনার চারপাশের অদৃশ্য জীবাণু থেকে আপনার শিশুকে সুরক্ষিত রাখতে পাশে আছে লাইফবয়।",Timeline Photos,photo,https://www.facebook.com/lifebuoybangladesh/photos/a.407425886028967.1073741825.407422362695986/718268158278070/?type=3,2015-09-03 10:00:11,24621,78,57,24621,0,0,0,0,0,0
407422362695986_717906114980941,"রেইনকোট ভিজে যাওয়া থেকে সুরক্ষা দিতে পারে, কিন্তু রোগ সংক্রামণকারী জীবাণু থেকে নয়। ব্যবহার করুন লাইফবয়, যা সর্দি-কাশি এবং জ্বরের মতো ১০ টি রোগ সৃষ্টিকারী জীবাণু থেকে দেয় সুরক্ষা*।",Timeline Photos,photo,https://www.facebook.com/lifebuoybangladesh/photos/a.407425886028967.1073741825.407422362695986/717906114980941/?type=3,2015-09-02 15:21:25,126,2,0,126,0,0,0,0,0,0
407422362695986_707671166004436,"বৃষ্টির দিনে ফুটবল খেলার মজাই আলাদা। 

কিন্তু এমন কাদামাটিতে দাপিয়ে বেড়াতে গিয়ে আপনার সন্তান হতে পারে জীবাণুর আক্রমনের শিকার। আপনার সন্তানকে নির্ভয়ে খেলবার নিশ্চয়তা দিতে পাশে আছে লাইফবয়!",Timeline Photos,photo,https://www.facebook.com/lifebuoybangladesh/photos/a.407425886028967.1073741825.407422362695986/707671166004436/?type=3,2015-08-12 10:00:00,118247,480,171,118247,0,0,0,0,0,0
407422362695986_700871033351116,,Lifebuoy's cover photo,photo,https://www.facebook.com/lifebuoybangladesh/photos/a.407785259326363.1073741828.407422362695986/700870993351120/?type=3,2015-07-26 12:32:49,243,2,3,243,0,0,0,0,0,0
407422362695986_697331190371767,,Lifebuoy's cover photo,photo,https://www.facebook.com/lifebuoybangladesh/photos/a.407785259326363.1073741828.407422362695986/697331173705102/?type=3,2015-07-18 00:04:34,296,1,4,296,0,0,0,0,0,0
407422362695986_694877540617132,"মঞ্চে Spirit of Ramadan -এর Best Quote বিজয়ীদের হাতে পুরস্কার তুলে দিচ্ছেন জনপ্রিয় শিল্পী মেহরীন, মম, নাঈম, বন্যা মির্জা, এবং দীপা খন্দকার। অনুষ্ঠানটি উপভোগ করতে আমাদের সাথে সরাসরি যোগ দিন www.bdspiritoframadan.com সাইটে লগ ইন করে!",Timeline Photos,photo,https://www.facebook.com/lifebuoybangladesh/photos/a.407425886028967.1073741825.407422362695986/694877540617132/?type=3,2015-07-13 07:56:06,355,8,7,355,0,0,0,0,0,0
407422362695986_694873267284226,এইমাত্র Spirit of Ramadan Iftar Event-এ যোগ দিলো SOS Children Village-এর একঝাঁক ক্ষুদে অতিথি! তাঁদের উপস্থিতিতে আরো প্রাণবন্ত হয়ে উঠেছে আজকের এই আয়োজন। অনুষ্ঠানটি উপভোগ করতে আমাদের সাথে সরাসরি যোগ দিন www.bdspiritoframadan.com সাইটে লগ ইন করে!,Timeline Photos,photo,https://www.facebook.com/lifebuoybangladesh/photos/a.407425886028967.1073741825.407422362695986/694873267284226/?type=3,2015-07-13 07:37:01,257,1,3,257,0,0,0,0,0,0
407422362695986_694856680619218,খুব শীঘ্রই শুরু হতে যাচ্ছে Spirit of Ramadan-এর ঢাকা ও চট্টগ্রামের Iftar Event! অনুষ্ঠান দু'টি সরাসরি উপভোগ করতে ভিজিট করুন www.bdspiritoframadan.com.,Timeline Photos,photo,https://www.facebook.com/lifebuoybangladesh/photos/a.407425886028967.1073741825.407422362695986/694856680619218/?type=3,2015-07-13 06:34:30,166,2,2,166,0,0,0,0,0,0
407422362695986_693559124082307,"This Thursday, the most popular personas on social media- Arif R Hossain, Aqua Rezia, Sedative Hypnotics, and Dr. Nazia Binte Alamgir- were with us at an exclusive ""Podcast Show"" to share their Spirit of Ramadan. To listen to the podcast, go to this link- http://bit.ly/spiritoframadanpodcast",Timeline Photos,photo,https://www.facebook.com/lifebuoybangladesh/photos/a.407425886028967.1073741825.407422362695986/693559124082307/?type=3,2015-07-10 09:00:00,127,1,2,127,0,0,0,0,0,0
407422362695986_692649934173226,রমজানের ইফতার হোক পরিচ্ছন্নতার সাথে। আজকের ইফতারের সময় ৬টা ৫৩ মিনিট আর এর আগে লাইফবয় টাইম ভুলে যাবেন না যেন।,Timeline Photos,photo,https://www.facebook.com/lifebuoybangladesh/photos/a.407425886028967.1073741825.407422362695986/692649934173226/?type=3,2015-07-10 00:00:01,226,3,1,226,0,0,0,0,0,0
407422362695986_693054004132819,"Spirit of Ramadan is holding an exclusive ""Podcast Show"" for the first time in Bangladesh with renowned wordsmiths on social media- Arif R Hossain, Aqua Rezia, Sedative Hypnotics, and Dr. Nazia Binte Alamgir! 

To listen to this exclusive show, log in now at www.bdspiritoframadan.com!",Timeline Photos,photo,https://www.facebook.com/lifebuoybangladesh/photos/a.407425886028967.1073741825.407422362695986/693054004132819/?type=3,2015-07-09 05:58:50,117,2,1,117,0,0,0,0,0,0
407422362695986_692649107506642,ইফতারের আগে পরিচ্ছন্নতার জন্য হাত ভালো করে ধুয়ে নিতে হবে কারণ  ইফতারের আগের সময়টা হলো লাইফবয় টাইম। আজকের ইফতার ৬টা ৫৩ মিনিটে।,Timeline Photos,photo,https://www.facebook.com/lifebuoybangladesh/photos/a.407425886028967.1073741825.407422362695986/692649107506642/?type=3,2015-07-09 00:00:00,189,5,6,189,0,0,0,0,0,0
407422362695986_692784500826436,"To share the Spirit of Ramadan with everyone, we are arranging an exclusive ""Podcast Show"" for the first time in Bangladesh! Renowned wordsmiths on social media- Arif R Hossain, Aqua Rezia, Sedative Hypnotics, and Dr. Nazia Binte Alamgir will be there with us!

To listen to this exclusive show, don't forget to log in at www.bdspiritoframadan.com on Thursday, 9th July, exactly at 5PM!",Timeline Photos,photo,https://www.facebook.com/lifebuoybangladesh/photos/a.407425886028967.1073741825.407422362695986/692784500826436/?type=3,2015-07-08 12:00:01,15785,40,6,15785,0,0,0,0,0,0
407422362695986_692050440899842,"নিয়মিত হাত ধোয়ার অভ্যাসের কারণেই জীবন বেঁচে যেতে পারে অগণিত শিশুর। 

এই রমজান হোক পরিচ্ছন্নতার সাথে। এই চেতনাকে ছড়িয়ে দিন সবার মাঝে। যোগ দিন Spirit of Ramadan এর ইফতার আয়োজনে। 

লগ ইন করুন www.bdspiritoframadan.com এ।

#SpiritOfRamadan",Timeline Photos,photo,https://www.facebook.com/lifebuoybangladesh/photos/a.407425886028967.1073741825.407422362695986/692050440899842/?type=3,2015-07-08 08:30:01,15993,40,34,15993,0,0,0,0,0,0
407422362695986_692647987506754,আজ ইফতারের সময় ৬টা ৫৪ মিনিটে আর মনে রাখবেন এর ঠিক আগের সময়টাই লাইফবয় টাইম।,Timeline Photos,photo,https://www.facebook.com/lifebuoybangladesh/photos/a.407425886028967.1073741825.407422362695986/692647987506754/?type=3,2015-07-08 02:17:29,168,3,1,168,0,0,0,0,0,0
407422362695986_692050164233203,"হাত ধোয়ার ভাল অভ্যাস আর রমজানের পবিত্রতা হোক আমাদের নিত্য সঙ্গী। 

এই রমজান হোক পরিচ্ছন্নতার সাথে। এই চেতনাকে ছড়িয়ে দিন সবার মাঝে। যোগ দিন Spirit of Ramadan এর ইফতার আয়োজনে। 

লগ ইন করুন www.bdspiritoframadan.com এ।

#SpiritOfRamadan",Timeline Photos,photo,https://www.facebook.com/lifebuoybangladesh/photos/a.407425886028967.1073741825.407422362695986/692050164233203/?type=3,2015-07-07 08:30:01,17230,45,23,17230,0,0,0,0,0,0
407422362695986_692049910899895,"শুধুমাত্র হাত ধোয়ার মতো সহজ একটি অভ্যাস জীবন বাঁচাতে পারে অজস্র শিশুর।
 
রমজান হোক পরিচ্ছন্নতার সাথে। এই চেতনাকে ছড়িয়ে দিন সবার মাঝে। যোগ দিন Spirit of Ramadan এর ইফতার আয়োজনে। 

লগ ইন করুন www.bdspiritoframadan.com এ।

#SpiritOfRamadan",Timeline Photos,photo,https://www.facebook.com/lifebuoybangladesh/photos/a.407425886028967.1073741825.407422362695986/692049910899895/?type=3,2015-07-06 23:00:00,30069,85,105,30069,0,0,0,0,0,0
407422362695986_691417944296425,সারাদিনের সংযম সাধনার পর আসে স্বস্তির ইফতার। আর আজ সেই ইফতারের সময় সন্ধ্যা ৬টা ৫৪ মিনিট। আর ইফতারের আগে লাইফবয় টাইম!,Timeline Photos,photo,https://www.facebook.com/lifebuoybangladesh/photos/a.407425886028967.1073741825.407422362695986/691417944296425/?type=3,2015-07-05 05:10:46,2890,9,9,2890,0,0,0,0,0,0
407422362695986_690572144381005,সারাদিন রোজা রাখার পর ইফতারের শুরুটা হোক পরিচ্ছন্নতার সাথে। কারণ ইফতারের আগে লাইফবয় টাইম। আর আজ ইফতারের সময় সন্ধ্যা ৬ টা ৫৪ মিনিট!,Timeline Photos,photo,https://www.facebook.com/lifebuoybangladesh/photos/a.407425886028967.1073741825.407422362695986/690572144381005/?type=3,2015-07-04 00:59:02,13131,43,15,13131,0,0,0,0,0,0
407422362695986_690571774381042,আজ ইফতারের সময় সন্ধ্যা ৬টা ৫৪ মিনিট। এর ঠিক আগের সময়টাই লাইফবয় টাইম। ভুলে যাবেন না যেন!,Timeline Photos,photo,https://www.facebook.com/lifebuoybangladesh/photos/a.407425886028967.1073741825.407422362695986/690571774381042/?type=3,2015-07-03 00:43:21,2195,16,8,2195,0,0,0,0,0,0
407422362695986_690030634435156,"প্রতি বছর বাংলাদেশে প্রায় ৫০,৮০০ শিশু পাঁচ বছর বয়স হবার আগেই ডায়রিয়াজনিত কারণে মারা যায়। হাত ধোয়ার মতো সহজ একটি অভ্যাসই পারে তাঁদের জীবন বাঁচাতে।
  
রমজান হোক পরিচ্ছন্নতার সাথে। এই চেতনাকে ছড়িয়ে দিন সবার মাঝে। যোগ দিন Spirit of Ramadan এর ইফতার আয়োজনে। লগ ইন করুন www.bdspiritoframadan.com এ।

#SpiritOfRamadan

YouTube: https://youtu.be/tyZVQvMXXHQ",,video,https://www.facebook.com/lifebuoybangladesh/videos/690030634435156/,2015-07-02 00:14:21,49668,334,4315,49667,1,0,0,0,0,0
407422362695986_689817227789830,"সারাদিনের সংযমের সাধনা শেষ করার আগে ভালো করে হাত ধুয়ে নিতে হবে। কারণ, ইফতারের ঠিক আগের সময়টিই হল লাইফবয় টাইম! আর আজ ইফতারের সময় সন্ধ্যা ৬ টা ৫৪ মিনিট!",Timeline Photos,photo,https://www.facebook.com/lifebuoybangladesh/photos/a.407425886028967.1073741825.407422362695986/689817227789830/?type=3,2015-07-01 02:45:51,6343,14,2,6343,0,0,0,0,0,0
407422362695986_689375037834049,আজ ইফতারের সময় সন্ধ্যা ৬টা ৫৩ মিনিট। এর ঠিক আগের সময়টাই লাইফবয় টাইম। মিস করবেন না যেন!,Timeline Photos,photo,https://www.facebook.com/lifebuoybangladesh/photos/a.407425886028967.1073741825.407422362695986/689375037834049/?type=3,2015-06-30 00:40:45,102,0,2,102,0,0,0,0,0,0
407422362695986_688819734556246,"সারাদিনের সিয়াম সাধনার পর আসে আনন্দের ইফতার। আর আজ সেই ইফতারের সময় সন্ধ্যা ৬টা ৫৩ মিনিট। আর ভুলে গেলে চলবে না, ইফতারের আগের সময়টি হল লাইফবয় টাইম!",Timeline Photos,photo,https://www.facebook.com/lifebuoybangladesh/photos/a.407425886028967.1073741825.407422362695986/688819734556246/?type=3,2015-06-28 23:29:13,8302,31,18,8302,0,0,0,0,0,0
407422362695986_688508324587387,"আজকের ইফতার টাইম ৬ টা ৫৩ মিনিট। আর  ইফতারের আগে লাইফবয় টাইম, ভুলে যাবেন না যেন!",Timeline Photos,photo,https://www.facebook.com/lifebuoybangladesh/photos/a.407425886028967.1073741825.407422362695986/688508324587387/?type=3,2015-06-28 01:51:40,144,1,0,144,0,0,0,0,0,0
407422362695986_687535808017972,"সারাদিনের সংযম সাধনা শেষ করার আগে ভালো করে হাত ধুয়ে নিন লাইফবয় দিয়ে। কারণ, ইফতারের আগের সময়টা লাইফবয় টাইম। আর, আজ ইফতারের সময় সন্ধ্যা ৬টা ৫৩ মিনিটে।",Timeline Photos,photo,https://www.facebook.com/lifebuoybangladesh/photos/a.407425886028967.1073741825.407422362695986/687535808017972/?type=3,2015-06-27 00:59:00,149,1,0,149,0,0,0,0,0,0
407422362695986_687347291370157,রমজানে ইফতার হোক স্বাস্থ্যসম্মতভাবে। আজকের ইফতারের সময় ৬ টা ৫৩ মিনিটে। তাই ইফতারের আগেই লাইফবয় দিয়ে আপনার হাত ধুয়ে জীবাণুমুক্ত করে নিতে ভুলবেন না যেন।,Timeline Photos,photo,https://www.facebook.com/lifebuoybangladesh/photos/a.407425886028967.1073741825.407422362695986/687347291370157/?type=3,2015-06-26 02:01:57,19944,82,14,19944,0,0,0,0,0,0
407422362695986_687164191388467,"আজ ইফতারের সময় সন্ধ্যা ৬ টা ৫৩ মিনিটে । ইফতারের আগে লাইফবয় দিয়ে ভালো করে হাত ধুয়ে নিতে ভুলবেন না যেন। কারণ, ইফতারের আগের টাইম, লাইফবয় টাইম!",Timeline Photos,photo,https://www.facebook.com/lifebuoybangladesh/photos/a.407425886028967.1073741825.407422362695986/687164191388467/?type=3,2015-06-25 04:15:48,141,4,0,141,0,0,0,0,0,0
407422362695986_686795128092040,"সারাদিনের সংযম সাধনার পর আসে আনন্দের ইফতার। কিন্তু ভুললে চলবে না, ইফতারের ঠিক আগের সময়টাই হল লাইফবয় টাইম!

আজ ইফতারের সময় সন্ধ্যা ৬ টা ৫৩ মিনিটে । এর আগে লাইফবয় দিয়ে ভালো করে হাত ধুয়ে নিতে ভুলবেন না কিন্তু!",Timeline Photos,photo,https://www.facebook.com/lifebuoybangladesh/photos/a.407425886028967.1073741825.407422362695986/686795128092040/?type=3,2015-06-24 03:27:46,4832,25,7,4832,0,0,0,0,0,0
407422362695986_686236721481214,"সারাদিনের সংযম সাধনার পর ইফতারের মুহূর্ত যেন অনেক বেশি তৃপ্তির। কিন্তু তাড়াহুড়ো করে ইফতারের আয়োজন করতে গিয়ে ভুলে যাওয়া যাবে না  হাত ধোয়ার কথা। 

আজ ইফতারের সময় সন্ধ্যা টা ৬ টা ৫২ মিনিটে। এর আগের টাইম হলো লাইফবয় টাইম। তাই ইফতারের আগে ভালো করে হাত ধুয়ে নিতে ভুলবেন না যেন!",Timeline Photos,photo,https://www.facebook.com/lifebuoybangladesh/photos/a.407425886028967.1073741825.407422362695986/686236721481214/?type=3,2015-06-23 00:54:35,11032,45,12,11032,0,0,0,0,0,0
407422362695986_685477154890504,,Lifebuoy's cover photo,photo,https://www.facebook.com/lifebuoybangladesh/photos/a.407785259326363.1073741828.407422362695986/685477134890506/?type=3,2015-06-21 05:41:08,100,2,4,100,0,0,0,0,0,0
407422362695986_682725911832295,"লাইফবয় জার্ম জিনিয়াস কুইজ কনটেস্টের এর সকল বিজয়ীদের অভিনন্দন। 
 সৌভাগ্যবান বিজয়ীরা হলেনঃ

Tamanna Rashid, Md Sujon, Md Hasan, Sharmin Shamim, এস বি সৌরভ, Zaver,Farhana Ratna, Sojib Royals, Muntadir Moffazzal Hosain, রাজিব সিকদার, Cryptic Mind, Md Ayubnobi, Jesmine Jaya, Md Sohag,Rasel Iftakhar, রেজা শাহীন,  Ayub Nobi, Tarequl Shuvo, Ñàzmûl Hãsāñ Khâñdäkêr Ūdôy, Munna Empty, Arif Islam, আননেমড ইউজার, Aamir Khan, Uddin Nizam, Gazi Razaul Karim, Rintu Gazi, শিপন সিকদার কাব্য, Shafiqul Islam Shuvo, Farhan Islam, Sagar Saha, Gazi Arif,Sabbir Hasan, Nasir Hossain, Rakibul Islam, Shakhawat Hossain Opu,Nazrul Islam, Duronto Saiful, Asif A Hossain, Ahmed Zahidul, Masukul Alam, Bayzid Abedin, Nafis Ibn Sanowar, MD Mehedi Hasan, Ami Saikat, Tithi Projapoti Twity, Xilan MD Noor Supto, Abu Naser,Malku Martin Sangma, Ahm ও Rifat,Taposh Sikder

যারা এখনও ফোন নাম্বার দেন নি, দ্রুত তারা ইনবক্সে নাম্বার পাঠিয়ে দিন। :)",Timeline Photos,photo,https://www.facebook.com/lifebuoybangladesh/photos/a.407425886028967.1073741825.407422362695986/682725911832295/?type=3,2015-06-16 09:30:01,186,32,10,186,0,0,0,0,0,0
407422362695986_682372331867653,"চলছে লাইফবয় 'জার্ম জিনিয়াস কুইজ কনটেস্ট'! আমাদের করা প্রশ্নের উত্তরটি নিচে ‘Comment’ করে জানান। সঠিক উত্তর দেওয়া প্রথম ৫ জন বিজয়ী পাবেন স্টার সিনেপ্লেক্সের ফ্রি মুভি টিকেটস!

প্রশ্ন- আপনাদের মাঝে অনেকেই হয়তো নিয়মিত ব্যবহার করেন চশমা, আর ধূলা মোছার জন্য সবার বাসার দরজার সামনে রাখা থাকে পাপোশ। বলতে পারবেন কি এই দুটোর মাঝে কোনটি বেশি জীবাণুর আবাসস্থল?

#Lifebuoy
#GermGenius
#LifebuoyHealthyHabits",Timeline Photos,photo,https://www.facebook.com/lifebuoybangladesh/photos/a.407425886028967.1073741825.407422362695986/682372331867653/?type=3,2015-06-15 09:30:01,5647,493,13,5647,0,0,0,0,0,0
407422362695986_679385278833025,"লাইফবয় 'জার্ম জিনিয়াস কুইজ কনটেস্ট' চলছে! আমাদের করা প্রশ্নের উত্তরটি এখনই নিচে ‘Comment’ করে জানান। সঠিক উত্তর দেওয়া প্রথম ৫ জন বিজয়ী পাবেন স্টার সিনেপ্লেক্সের ফ্রি মুভি টিকেটস!

প্রশ্ন- ছোট্ট শিশুদের আদর করতে গিয়ে আমরা হয়তো তাদের সাথে হাত মেলাই বা গালে একটা চুমু দেই। কোন কাজটি তাদের জন্য বেশী জীবাণু সংক্রামক? 
 
১) চুম্বন
২) হাত মেলানো

#Lifebuoy
#GermGenius
#LifebuoyHealthyHabits",Timeline Photos,photo,https://www.facebook.com/lifebuoybangladesh/photos/a.407425886028967.1073741825.407422362695986/679385278833025/?type=3,2015-06-13 09:30:00,6127,970,34,6127,0,0,0,0,0,0
407422362695986_679378848833668,"লাইফবয় 'জার্ম জিনিয়াস কুইজ কনটেস্ট' চলছে! আমাদের করা প্রশ্নের উত্তরটি নিচে ‘Comment’ করে জানান। সঠিক উত্তর দেওয়া প্রথম ৫ জন বিজয়ী পাবেন স্টার সিনেপ্লেক্সের ফ্রি মুভি টিকেটস!

প্রশ্ন- কখন হাত ধোয়াটা জীবাণুদের সংক্রমণ দমাতে বেশি জরুরী?

১) হাঁচি-কাশির পর
২) হ্যান্ডশেকের পর

#Lifebuoy
#GermGenius
#LifebuoyHealthyHabits",Timeline Photos,photo,https://www.facebook.com/lifebuoybangladesh/photos/a.407425886028967.1073741825.407422362695986/679378848833668/?type=3,2015-06-12 09:30:01,14346,1316,23,14345,1,0,0,0,0,0
407422362695986_679375588833994,"লাইফবয় 'জার্ম জিনিয়াস কুইজ কনটেস্ট' চলছে! আমাদের করা প্রশ্নের উত্তরটি নিচে ‘Comment’ করে জানান। সঠিক উত্তর দেওয়া প্রথম ৫ জন বিজয়ী পাবেন স্টার সিনেপ্লেক্সের ফ্রি মুভি টিকেটস!

প্রশ্ন- ঘরের বাইরে টাকা লেনদেনের নিরাপদ উপায় এটিএম বুথ, আর সবার ব্যবহৃত স্থান হচ্ছে পাবলিক টয়লেট, কোনটিতে বেশী জীবাণু ছড়ায় জানেন কি?

১) এটিএম বুথ
২) পাবলিক টয়লেট

#Lifebuoy
#GermGenius
#LifebuoyHealthyHabits",Timeline Photos,photo,https://www.facebook.com/lifebuoybangladesh/photos/a.407425886028967.1073741825.407422362695986/679375588833994/?type=3,2015-06-11 09:30:01,6043,1906,23,6043,0,0,0,0,0,0
407422362695986_679374435500776,"চলছে লাইফবয় 'জার্ম জিনিয়াস কুইজ কনটেস্ট'! আমাদের করা প্রশ্নের উত্তরটি নিচে ‘Comment’ করে জানান। সঠিক উত্তর দেওয়া প্রথম ৫ জন বিজয়ী পাবেন স্টার সিনেপ্লেক্সের ফ্রি মুভি টিকেটস!

প্রশ্ন- নোংরা, দুর্গন্ধযুক্ত ডাস্টবিন? নাকি সবচেয়ে প্রয়োজনীয় জিনিস টাকা? কোনটি জীবাণু চক্র বৃদ্ধির জন্য বেশি সহায়ক?
 
১) টাকা
২) ডাস্টবিন

#Lifebuoy
#GermGenius
#LifebuoyHealthyHabits",Timeline Photos,photo,https://www.facebook.com/lifebuoybangladesh/photos/a.407425886028967.1073741825.407422362695986/679374435500776/?type=3,2015-06-10 09:30:01,6844,2301,23,6844,0,0,0,0,0,0
407422362695986_679373178834235,"চলছে লাইফবয় 'জার্ম জিনিয়াস কুইজ কনটেস্ট'! আমাদের করা প্রশ্নের উত্তরটি নিচে ‘Comment’ করে জানান। সঠিক উত্তর দেওয়া প্রথম ৫ জন বিজয়ী পাবেন স্টার সিনেপ্লেক্সের ফ্রি মুভি টিকেটস!

প্রশ্ন- সারাদিন আমরা নানা প্রয়োজনে ব্যবহার করি মোবাইল ফোনটি, আবার  টয়লেট হ্যান্ডেল ব্যবহার করি খুব সাবধানে গা বাঁচিয়ে! দুটোর মাঝেকোন জিনিসটিতে বেশি জীবাণু থাকে বলে আপনি মনে করেন?
 
১) মোবাইল ফোন
২) টয়লেট হ্যান্ডেল

#Lifebuoy
#GermGenius
#LifebuoyHealthyHabits",Timeline Photos,photo,https://www.facebook.com/lifebuoybangladesh/photos/a.407425886028967.1073741825.407422362695986/679373178834235/?type=3,2015-06-09 09:30:00,4288,1290,20,4288,0,0,0,0,0,0
407422362695986_679372145501005,"চলছে লাইফবয় 'জার্ম জিনিয়াস কুইজ কনটেস্ট'! আমাদের করা প্রশ্নের উত্তরটি নিচে ‘Comment’ করে জানান। সঠিক উত্তর দেওয়া প্রথম ৫ জন বিজয়ী পাবেন স্টার সিনেপ্লেক্সের ফ্রি মুভি টিকেটস!

প্রশ্ন- সারাদিন ল্যাপটপ বা কম্পিউটারের কী-বোর্ড থাকে আমাদের হাতের কাজে ব্যস্ত, আর জামাকাপড় আমাদের জীবনের মৌলিক প্রয়োজনের অন্যতম অংশ!বলুন তো,  কোনটি বেশি জীবাণু বহন করে?

১) কম্পিউটার কী-বোর্ড
২) অপরিস্কার জামাকাপড়

#Lifebuoy
#GermGenius
#LifebuoyHealthyHabits",Timeline Photos,photo,https://www.facebook.com/lifebuoybangladesh/photos/a.407425886028967.1073741825.407422362695986/679372145501005/?type=3,2015-06-08 09:30:01,4605,950,28,4605,0,0,0,0,0,0
407422362695986_677071339064419,লাইফবয় জার্ম জিনিয়াস কুইজ কনটেস্টের নিয়মাবলী,,status,,2015-06-04 09:23:06,126,16,7,126,0,0,0,0,0,0
407422362695986_677069815731238,"আজকে থেকে শুরু হতে চলেছে, লাইফবয় 'জার্ম জিনিয়াস কুইজ কনটেস্ট'! আমাদের করা প্রশ্নের উত্তরটি নিচে ‘Comment’ করে জানান। সঠিক উত্তর দেওয়া প্রথম ৫ জন বিজয়ী পাবেন স্টার সিনেপ্লেক্সের ফ্রি মুভি টিকেটস!

প্রশ্ন- নিত্য দিনের কাজের ক্ষেত্রে আমরা অহরহ যেমন ব্যবহার করি কিচেন সিংক, তেমনি বাথরুমও। বলতে পারবেন কি, এই দুটির মধ্যে কোন জিনিসটিতে বেশি জীবাণু থাকে?
 
১) কিচেন সিংক
২) বাথরুম

#Lifebuoy
#GermGenius
#LifebuoyHealthyHabits",Timeline Photos,photo,https://www.facebook.com/lifebuoybangladesh/photos/a.407425886028967.1073741825.407422362695986/677069815731238/?type=3,2015-06-04 09:20:49,194,193,37,194,0,0,0,0,0,0
407422362695986_670679746370245,"সন্তানকে আগলে রাখছেন, কিন্তু রোগবাহী অদৃশ্য জীবাণুর সাথে লড়াইয়ে আপনার শিশুকে প্রস্তুত করছেন তো? জানুন জীবাণুর চক্রকে, আর নিরাপদ রাখুন আপনার শিশু কে। 

#Lifebuoy
#GermGenius
#Lifebuyoyhealthyhabits",Timeline Photos,photo,https://www.facebook.com/lifebuoybangladesh/photos/a.407425886028967.1073741825.407422362695986/670679746370245/?type=3,2015-05-26 09:30:01,22850,44,82,22850,0,0,0,0,0,0
407422362695986_670679363036950,"বাড়ির প্রতিটি আসবাবপত্র আমরা প্রত্যেকে ব্যবহার করছি নিয়মিত। নিত্য ব্যবহার্য প্রতিটি আসবাবই বহণ করে রোগবাহী জীবাণুর দল! 

জানুন জীবাণুর এই শক্তিশালী চক্রকে।

#Lifebuoy
#GermGenius
#Lifebuyoyhealthyhabits",Timeline Photos,photo,https://www.facebook.com/lifebuoybangladesh/photos/a.407425886028967.1073741825.407422362695986/670679363036950/?type=3,2015-05-25 09:30:01,27075,30,42,27075,0,0,0,0,0,0
407422362695986_670678999703653,"রোজকার ব্যস্ত জীবনে ছোটাছুটির বিরাম নেই! 
কিন্তু জানেন কি আপনার চারপাশের প্রতিটি জিনিসে লুকিয়ে আছে অসংখ্য অদৃশ্য জীবাণু!
 
#Lifebuoy 
#GermGenius 
#Lifebuoyhealthyhabits",Timeline Photos,photo,https://www.facebook.com/lifebuoybangladesh/photos/a.407425886028967.1073741825.407422362695986/670678999703653/?type=3,2015-05-24 09:30:01,18595,37,9,18595,0,0,0,0,0,0
407422362695986_669680909803462,"পরিবারকে সুস্থ ও নিরোগ রাখতে হলে প্রথমেই চাই জীবাণু থেকে সুরক্ষা। আপনার চারপাশে বৃদ্ধি পাওয়া জীবাণুর এই চক্র সম্পর্কে আপনি কতটা জানেন?

#Lifebuoy
#GermGenius
#Lifebuyoyhealthyhabits",Timeline Photos,photo,https://www.facebook.com/lifebuoybangladesh/photos/a.407425886028967.1073741825.407422362695986/669680909803462/?type=3,2015-05-23 09:00:04,20571,54,46,20571,0,0,0,0,0,0
407422362695986_669963323108554,"দীর্ঘ ১২ বছর ধরে ""লাইফবয় ফ্রেন্ডশিপ হসপিটাল"" নানাবিধ সেবা দিয়ে আসছে দেশের প্রত্যন্ত সব অঞ্চলে। হয়ে উঠেছে সুবিধাবঞ্চিত মানুষের পরম বন্ধু। 

আজকের প্রথম আলো লিংক থেকে জেনে নিন বিস্তারিত- http://bit.ly/1dqdDUw",চরাঞ্চলে বিপদের বন্ধু,link,http://www.prothom-alo.com/pachmisheli/article/534667/%E0%A6%9A%E0%A6%B0%E0%A6%BE%E0%A6%9E%E0%A7%8D%E0%A6%9A%E0%A6%B2%E0%A7%87-%E0%A6%AC%E0%A6%BF%E0%A6%AA%E0%A6%A6%E0%A7%87%E0%A6%B0-%E0%A6%AC%E0%A6%A8%E0%A7%8D%E0%A6%A7%E0%A7%81,2015-05-23 07:00:01,183,1,8,183,0,0,0,0,0,0
407422362695986_669662426471977,"আপনার পরিবারের দৈনন্দিন স্বাস্থ্য সুরক্ষা নিয়ে আপনি কি সবসময়ই সচেতন?

লাইফবয় এবার আনছে আপনার এই জানার পরিধিকে যাচাই করার এক দারুণ সুযোগ! বিস্তারিত জানতে চোখ রাখুন আমাদের পেইজে!

#Lifebuoy
#GermGenius
#Lifebuyoyhealthyhabits",Timeline Photos,photo,https://www.facebook.com/lifebuoybangladesh/photos/a.407425886028967.1073741825.407422362695986/669662426471977/?type=3,2015-05-22 09:23:19,22104,34,34,22104,0,0,0,0,0,0
407422362695986_612993182138902,"Lifebuoy's New Year's Resolution: To continue making your life healthier and better with it's germ-kill expertise. Hope like us, you will try your best to stick to your positive resolutions as well! Wish you all a Happy New Year!",Timeline Photos,photo,https://www.facebook.com/lifebuoybangladesh/photos/a.407425886028967.1073741825.407422362695986/612962008808686/?type=3,2014-12-31 12:00:15,214,1,4,214,0,0,0,0,0,0
407422362695986_591978154240405,"১ নাম্বার অলরাউন্ডারকে, ১ নম্বার হেলথ সোপ ব্র্যান্ড 'লাইফবয়' এর অভিনন্দন!",Timeline Photos,photo,https://www.facebook.com/lifebuoybangladesh/photos/a.407425886028967.1073741825.407422362695986/591978054240415/?type=3,2014-11-13 15:03:38,161,2,13,161,0,0,0,0,0,0
407422362695986_582039911900896,"Anybody can join us in this cause by spreading the message about the benefits of handwashing and the health hazards associated with germs. 

Let’s join with Lifebuoy and help the children enjoy their 5th birthday. 

#HelpAChildReach5",Timeline Photos,photo,https://www.facebook.com/lifebuoybangladesh/photos/a.407425886028967.1073741825.407422362695986/580403455397875/?type=3,2014-10-20 09:00:01,9615,22,32,9615,0,0,0,0,0,0
407422362695986_581873458584208,"A bright future starts with a joyful and healthy childhood. 

One simple act of handwashing prevents the two clinical syndromes that cause the largest number of childhood deaths globally-namely, diarrhoea and acute lower respiratory infections.

Create a better future; join with Lifebuoy and help children enjoy their 5th birthday. 
#HelpAChildReach5",Timeline Photos,photo,https://www.facebook.com/lifebuoybangladesh/photos/a.407425886028967.1073741825.407422362695986/580399002064987/?type=3,2014-10-20 00:00:01,9774,34,25,9774,0,0,0,0,0,0
407422362695986_581601765278044,"সাবান দিয়ে হাত ধোঁয়ার মাধ্যমে রোগজীবাণুর সংক্রমণ নিরোধনের ব্যাপারে সচেতনতা বৃদ্ধি করতে সবসময় লাইফবয় বদ্ধপরিকর। 

Lifebuoy এর যাত্রায় আপনিও সাথে থাকুন। 

#HelpAChildReach5",Timeline Photos,photo,https://www.facebook.com/lifebuoybangladesh/photos/a.407425886028967.1073741825.407422362695986/580397825398438/?type=3,2014-10-19 10:00:01,11212,53,60,11212,0,0,0,0,0,0
407422362695986_581418708629683,"By building awareness about the benefits of handwashing, we can fight against preventable diseases like diarrhea, pneumonia, etc. Only way we can do that is with your assistance.

Join this movement with Lifebuoy and spread the handwashing message across the country.

#HelpAChildReach5",Timeline Photos,photo,https://www.facebook.com/lifebuoybangladesh/photos/a.407425886028967.1073741825.407422362695986/580397055398515/?type=3,2014-10-19 00:00:00,25194,88,47,25194,0,0,0,0,0,0
407422362695986_581240818647472,"সুস্থ ও নীরোগ শরীরের জন্য হাত ধোঁয়ার গুরুত্ব অপরিসীম। শিশুদের মাঝে হাত ধোঁয়ার উপকারিতা ও এই নিয়ে সচেতনতা সৃষ্টি করতে কাজ করে আসছে লাইফবয়।

যোগ দিন Lifebuoy এর সাথে, শিশুদের সুস্থভাবে বাঁচতে সাহায্য করুন। 

#HelpAChildReach5",Timeline Photos,photo,https://www.facebook.com/lifebuoybangladesh/photos/a.407425886028967.1073741825.407422362695986/580396108731943/?type=3,2014-10-18 12:00:00,10952,47,55,10952,0,0,0,0,0,0
407422362695986_581168511988036,"About 2.2 million children under the age of 5 die each year from preventable diseases. 

Handwashing with soap could protect about 1 out of every 3 young children who get sick with diarrhea and almost 1 out of 6 young children with pneumonia.

Be a part of creating a brighter future. Join with Lifebuoy and #HelpAChildReach5",Timeline Photos,photo,https://www.facebook.com/lifebuoybangladesh/photos/a.407425886028967.1073741825.407422362695986/580395765398644/?type=3,2014-10-18 08:00:00,12090,60,57,12090,0,0,0,0,0,0
407422362695986_580781725360048,"বাংলাদেশের বিভিন্ন জেলায় মা ও শিশুদের সাবান দিয়ে হাত ধোয়ার মতো সহজ এবং জীবনরক্ষাকারী অভ্যাসের চর্চা ও সচেতনতা বাড়াতে সহযোগী হিসেবে নিয়মিতভাবে কাজ করে আসছে লাইফবয়।   
 
যোগ দিন Lifebuoy এর সাথে এবং অসংখ্য শিশুদের সুস্থভাবে বাঁচতে সাহায্য করুন! 

#HelpAChildReach5",Timeline Photos,photo,https://www.facebook.com/lifebuoybangladesh/photos/a.407425886028967.1073741825.407422362695986/580395138732040/?type=3,2014-10-17 09:00:02,8078,79,73,8078,0,0,0,0,0,0
407422362695986_580654578706096,"The practice of washing hands, particularly before and after certain activities, is one of the best ways to remove germs, to avoid getting sick, and to prevent the spread of germs to others.

Join with Lifebuoy and spread the handwashing message across the country.

#HelpAChildReach5",Timeline Photos,photo,https://www.facebook.com/lifebuoybangladesh/photos/a.407425886028967.1073741825.407422362695986/580394665398754/?type=3,2014-10-17 00:00:00,16439,62,42,16439,0,0,0,0,0,0
407422362695986_580423565395864,"Teaching people about handwashing helps them and their communities stay healthy. Thank you for being a part of this cause along with Lifebuoy.

#HelpAChildReach5",Timeline Photos,photo,https://www.facebook.com/lifebuoybangladesh/photos/a.407425886028967.1073741825.407422362695986/580392692065618/?type=3,2014-10-16 08:00:00,7034,31,15,7034,0,0,0,0,0,0
407422362695986_579935318778022,"Imagine that a plane is about to crash with 250 children and babies, and if you knew how to stop that, would you?

Now imagine that 60 planes full of babies under five crash every single day. That's the number of kids, around 6.6 million in figures- that never make it to their 5th birthday. 

Most of these deaths are preventable, and this could be stopped with the simple act of handwashing. 

Watch Myriam Sidibe, Public-health expert, as she delivers a powerful message in TED Talk.",The simple power of hand-washing,link,http://www.ted.com/talks/myriam_sidibe_the_simple_power_of_hand_washing#t-15739,2014-10-15 08:00:01,3168,7,11,3168,0,0,0,0,0,0
407422362695986_579947008776853,,Lifebuoy's cover photo,photo,https://www.facebook.com/lifebuoybangladesh/photos/a.407785259326363.1073741828.407422362695986/579946975443523/?type=3,2014-10-15 03:04:46,117,3,6,117,0,0,0,0,0,0
407422362695986_579917875446433,"বিশ্ব হাত ধোয়া দিবস ১৫ অক্টোবর, ২০১৪

ডায়রিয়া ও অন্যান্য রোগের কারণে প্রতিবছর ৫ বছরের কম বয়সী প্রায় ৫০,৮০০ জন শিশু মারা যায়। সাবান দিয়ে নিয়মিত হাত ধোয়ার মতো ছোট্ট একটি অভ্যাস গড়ে তুলেই এই মৃত্যুহার ৪৫% পর্যন্ত কমিয়ে আনা সম্ভব।

তাই, বিশ্বের এক নম্বর হেলথ সোপ ব্র্যান্ড ""লাইফবয়"" এর লক্ষ্য ২০১৫ সালের মধ্যে বাংলাদেশের ২ কোটি ১০ লাখ মানুষকে নিয়মিত হাত ধোয়ার অভ্যাসের ব্যাপারে সচেতন করা। অভ্যাসটি গড়ে তুলতে নিজে সচেষ্ট হোন, অনুপ্রাণিত করুন অন্যকে।",Timeline Photos,photo,https://www.facebook.com/lifebuoybangladesh/photos/a.407425886028967.1073741825.407422362695986/579917815446439/?type=3,2014-10-15 00:27:15,24468,156,193,24468,0,0,0,0,0,0
407422362695986_579458835492337,"Why is the number 5 so important to Gundappa?

Watch the inspiring video and find out.

#HelpAChildReach5

YouTube Link: http://bit.ly/1bfO7rM",Timeline Photos,photo,https://www.facebook.com/lifebuoybangladesh/photos/a.407425886028967.1073741825.407422362695986/576852669086287/?type=3,2014-10-14 00:00:01,10836,41,8,10836,0,0,0,0,0,0
407422362695986_579203802184507,"দীর্ঘ ১২ বছর ধরে ""লাইফবয় ফ্রেন্ডশিপ হসপিটাল"" নানাবিধ সেবা দিয়ে আসছে দেশের প্রত্যন্ত সব অঞ্চলে। 

দরিদ্র, সুবিধাবঞ্চিত অজস্র মানুষ পেয়েছে সঠিক ও উন্নত স্বাস্থ্যসেবা এবং চিকিৎসা সংক্রান্ত অজস্র তথ্য ও সহায়তা। এতো বছরের এই প্রয়াস সুস্থ করেছে, নতুন করে বাঁচতে সাহায্য করেছে এ দেশের অনেক মানুষকে। 

""লাইফবয় ফ্রেন্ডশিপ হসপিটাল"" তাই হয়ে উঠেছে সুবিধাবঞ্চিত মানুষের পরম বন্ধু।

#LifebuoyFriendshipHospital",Timeline Photos,photo,https://www.facebook.com/lifebuoybangladesh/photos/a.407425886028967.1073741825.407422362695986/576851652419722/?type=3,2014-10-13 10:00:00,194,2,13,194,0,0,0,0,0,0
407422362695986_579003718871182,"শিশুদের স্বাস্থ্য রক্ষায় হাত ধোয়ার প্রয়োজনীয়তা অসীম আর তাই লাইফবয় বাংলাদেশের বিভিন্ন জেলায়, উপজেলায় হাত ধোয়ার প্রয়োজনীয়তা সৃষ্টি করে চলেছে বিগত ১২ বছর ধরে।

Lifebuoy এর সাথে যোগ দিন এবং এই শিশুদের জীবন বাঁচাতে আমাদের সাহায্য করুন!

#HelpAChildReach5",Timeline Photos,photo,https://www.facebook.com/lifebuoybangladesh/photos/a.407425886028967.1073741825.407422362695986/576841069087447/?type=3,2014-10-13 00:00:00,20450,140,103,20450,0,0,0,0,0,0
407422362695986_578700138901540,"This is the story of a mother’s sorrow in losing her child to diarrhoea. Watch Utari’s neverending love to the tree of life.

Let us prevent further Utaris by raising awareness for proper handwashing by sharing this video

#HelpAChildReach5

YouTube Link: http://bit.ly/S7LIgO",Timeline Photos,photo,https://www.facebook.com/lifebuoybangladesh/photos/a.407425886028967.1073741825.407422362695986/576839845754236/?type=3,2014-10-12 10:00:02,18571,82,33,18571,0,0,0,0,0,0
407422362695986_578506725587548,"দিনের পাঁচ সময় হাত ধোয়ার সঠিক তথ্যটি মানুষের কাছে পৌঁছে দিতে বাংলাদেশের প্রত্যন্ত অঞ্চলের স্কুলে গিয়ে হাত ধোয়ার প্রয়োজনীয়তা সম্পর্কে সচেতনতা বৃদ্ধি করে আসছে লাইফবয়। 

যোগ দিন Lifebuoy এর সাথে এবং অসংখ্য শিশুদের সুস্থভাবে বাঁচতে সাহায্য করুন!
 
#HelpAChildReach5",Timeline Photos,photo,https://www.facebook.com/lifebuoybangladesh/photos/a.407425886028967.1073741825.407422362695986/576838672421020/?type=3,2014-10-12 00:00:01,14739,244,165,14739,0,0,0,0,0,0
407422362695986_578223012282586,"To some, a tree is a symbol of hope. To moms like Utari, it’s a the memory of the child she has lost.

Watch and share Utari’s film to spread the importance of handwashing. 

#HelpAChildReach5

YouTube Link: http://bit.ly/S7LIgO",Timeline Photos,photo,https://www.facebook.com/lifebuoybangladesh/photos/a.407425886028967.1073741825.407422362695986/576836092421278/?type=3,2014-10-11 10:00:01,12090,46,32,12090,0,0,0,0,0,0
407422362695986_578024292302458,"লাইফবয় ফ্রেন্ডশিপ হসপিটাল, দেশের প্রত্যন্ত অঞ্চলের সুবিধাবঞ্চিত মানুষের মুখে হাসি ফুটিয়ে আসছে এক যুগ ধরে! পৌঁছানো দুষ্কর, দেশজুড়ে এমন সব দুর্গম চরাঞ্চলে পৌঁছে দিয়েছে স্বাস্থ্যসেবা, দেখিয়েছে আলোর মুখ, বাঁচিয়ে রেখেছে সম্ভাবনা।

স্বাস্থ্যসেবার মাধ্যমে ভাসমান এ হসপিটাল আজ হয়ে উঠেছে লক্ষ মানুষের জীবনতরী।

#LifebuoyFriendshipHospital",Timeline Photos,photo,https://www.facebook.com/lifebuoybangladesh/photos/a.407425886028967.1073741825.407422362695986/576835649087989/?type=3,2014-10-11 00:00:00,109,2,2,109,0,0,0,0,0,0
407422362695986_577772632327624,"বাংলাদেশের বিভিন্ন স্কুলে সাবান দিয়ে হাত ধোয়ার মতো সহজ এবং জীবনরক্ষাকারী অভ্যাসের চর্চা ও সচেতনতা বাড়াতে সহযোগী হিসেবে কাজ করে আসছে লাইফবয়। 
Lifebuoy এর সাথে যোগ দিন এবং এই শিশুদের জীবন বাঁচাতে আমাদের সাহায্য করুন!

#HelpAChildReach5",Timeline Photos,photo,https://www.facebook.com/lifebuoybangladesh/photos/a.407425886028967.1073741825.407422362695986/576835212421366/?type=3,2014-10-10 10:00:05,10425,79,47,10425,0,0,0,0,0,0
407422362695986_577690052335882,"Every year 2 million children under the age of 5 die of infections like diarrhoea & pneumonia. A lot of these deaths can be prevented by a simple act of handwashing.

Let’s join with Lifebuoy and help the children to enjoy their 5th birthday. 

#HelpAChildReach5",Timeline Photos,photo,https://www.facebook.com/lifebuoybangladesh/photos/a.407425886028967.1073741825.407422362695986/577689809002573/?type=3,2014-10-10 06:34:21,7558,22,14,7558,0,0,0,0,0,0
407422362695986_577369679034586,"We want everyone to adapt handwashing as a measure to reduce newborn mortality. 

 Join this movement with Lifebuoy and spread the handwashing message across the country.

#HelpAChildReach5",Timeline Photos,photo,https://www.facebook.com/lifebuoybangladesh/photos/a.407425886028967.1073741825.407422362695986/576834115754809/?type=3,2014-10-09 11:00:00,7941,30,30,7941,0,0,0,0,0,0
407422362695986_577175525720668,"It's simply not acceptable that diseases that are preventable can be a reason for a child's death.

Support Lifebuoy by spreading handwashing awareness in your community. 

#HelpAChildReach5",Timeline Photos,photo,https://www.facebook.com/lifebuoybangladesh/photos/a.407425886028967.1073741825.407422362695986/576833105754910/?type=3,2014-10-09 00:00:00,8532,43,13,8532,0,0,0,0,0,0
407422362695986_576849572419930,"We want every child to turn 5, which is why we always promote handwashing with a soap as this is one of the key factors for newborn survival

Join with Lifebuoy & help us save these lives now.

#HelpAChildReach5",Timeline Photos,photo,https://www.facebook.com/lifebuoybangladesh/photos/a.407425886028967.1073741825.407422362695986/576832132421674/?type=3,2014-10-08 09:00:01,7887,24,9,7887,0,0,0,0,0,0
407422362695986_575829469188607,,Lifebuoy's cover photo,photo,https://www.facebook.com/lifebuoybangladesh/photos/a.407785259326363.1073741828.407422362695986/575829459188608/?type=3,2014-10-06 02:48:38,26,1,1,26,0,0,0,0,0,0
407422362695986_575829395855281,"ঈদ মানে খুশী, ঈদ মানে আনন্দ। আলোকিত হোক সবার জীবন- এই কামনায় লাইফবয়-এর পক্ষ থেকে সবাইকে ঈদের শুভেচ্ছা!",Timeline Photos,photo,https://www.facebook.com/lifebuoybangladesh/photos/a.407425886028967.1073741825.407422362695986/575829305855290/?type=3,2014-10-06 02:48:18,22,1,1,22,0,0,0,0,0,0
407422362695986_543458652425689,"গতকাল ছিলো #SpiritofRamadan ইফতার! 

কালকের ইফতারে ছিলো ""জাগো ফাউন্ডেনশন"" এর ১০০ জন সুবিধাবঞ্চিত শিশু, এবং তাঁদের সাথে একই টেবিলে আন্তরিকতার সাথে ইফতার করেছে ২৫০ জন মানুষ। এবং তাঁদের সকলের জন্য ছিলো নর্‌, লাইফবয়, পিওর্‌ইট, ও তাজার পক্ষ থেকে নানা ধরণের আয়োজন।  অনুষ্ঠান শেষে সব শিশুদের মুখে ছিল অসম্ভব সুন্দর হাসি!

চলুন রমজানের এই উলটো কে পালটে দেওয়ার চেতনাকে শুধু একটি মাসের মধ্যে সীমাবদ্ধ না রেখে বরং সবার মাঝে ছড়িয়ে দেই সারা বছর জুড়ে।   

 #SpiritofRamadan",Timeline Photos,photo,https://www.facebook.com/lifebuoybangladesh/photos/a.407425886028967.1073741825.407422362695986/543457409092480/?type=3,2014-07-25 02:23:55,27,0,1,27,0,0,0,0,0,0
407422362695986_538091719629049,"রমজানে আমরা এমন অনেক কিছুই করি যার উল্টোটা আমাদের করার কথা। তাই এখনও অসংখ্য মানুষকে থাকতে হয় অসুস্থ।

রমজান হোক পরিচ্ছন্নতায় পরিপূর্ণ! চলুন সব উল্টোকে পালটে দেই।

নিচের লিংকে ক্লিক করে ভিডিওটি দেখুন এবং #SpiritofRamadan এর চেতনাকে ছড়িয়ে দিন সবার মাঝে।

https://www.youtube.com/watch?v=tMyV1L6f5Fk

যোগ দিন #SpiritofRamadan -এর ইফতার টেবিলে। রেজিস্ট্রেশন করতে লগ ইন করুন এই লিংকে-
http://bit.ly/1noPi2J",Spirit of Ramadan,video,https://www.youtube.com/watch?v=tMyV1L6f5Fk,2014-07-12 08:29:10,5948,26,123,5948,0,0,0,0,0,0
407422362695986_471993782905510,,Timeline Photos,photo,https://www.facebook.com/lifebuoybangladesh/photos/a.407425886028967.1073741825.407422362695986/459301977508024/?type=3,2014-01-29 09:00:00,26,2,2,26,0,0,0,0,0,0
407422362695986_469576473147241,,Timeline Photos,photo,https://www.facebook.com/lifebuoybangladesh/photos/a.407425886028967.1073741825.407422362695986/459301777508044/?type=3,2014-01-23 09:00:00,20,0,0,20,0,0,0,0,0,0
407422362695986_468812489890306,"#Handwashingwith soap CAN make a difference.
Share this video to #helpachildreach5! www.youtube.com/watch?v=UF7oU_YSbBQ",Timeline Photos,photo,https://www.facebook.com/lifebuoybangladesh/photos/a.407425886028967.1073741825.407422362695986/459301497508072/?type=3,2014-01-21 09:00:00,12,0,3,12,0,0,0,0,0,0
407422362695986_467602916677930,Help us do more and make this 100%! Share this post and #helpchildreach5.,Timeline Photos,photo,https://www.facebook.com/lifebuoybangladesh/photos/a.407425886028967.1073741825.407422362695986/459300950841460/?type=3,2014-01-18 09:00:00,19,2,3,19,0,0,0,0,0,0
407422362695986_465840173520871,"#helpachildreach5 today, share this video now: http://goo.gl/k4SRRc",Timeline Photos,photo,https://www.facebook.com/lifebuoybangladesh/photos/a.407425886028967.1073741825.407422362695986/459300690841486/?type=3,2014-01-14 09:00:00,11,1,1,11,0,0,0,0,0,0
407422362695986_463845727053649,Share this video with all your family and friends to #helpachildreach5:http://goo.gl/k4SRRc,Timeline Photos,photo,https://www.facebook.com/lifebuoybangladesh/photos/a.407425886028967.1073741825.407422362695986/459300127508209/?type=3,2014-01-09 09:00:00,8,0,1,8,0,0,0,0,0,0
407422362695986_462629307175291,,Timeline Photos,photo,https://www.facebook.com/lifebuoybangladesh/photos/a.407425886028967.1073741825.407422362695986/459299850841570/?type=3,2014-01-06 09:00:00,13,0,0,13,0,0,0,0,0,0
407422362695986_461403660631189,Want to find out more? Click here: http://goo.gl/v2wreQ,Timeline Photos,photo,https://www.facebook.com/lifebuoybangladesh/photos/a.407425886028967.1073741825.407422362695986/459299550841600/?type=3,2014-01-03 09:00:01,13,0,5,13,0,0,0,0,0,0
407422362695986_460432597394962,"We’ve come a long way in preventing infections and saving lives, thanks to you!
Will you join us again this year?",Timeline Photos,photo,https://www.facebook.com/lifebuoybangladesh/photos/a.407425886028967.1073741825.407422362695986/459299064174982/?type=3,2013-12-31 23:00:00,20,0,0,20,0,0,0,0,0,0
407422362695986_459485174156371,,Timeline Photos,photo,https://www.facebook.com/lifebuoybangladesh/photos/a.407425886028967.1073741825.407422362695986/453634458074776/?type=3,2013-12-30 11:00:00,12,0,1,12,0,0,0,0,0,0
407422362695986_457747540996801,,Timeline Photos,photo,https://www.facebook.com/lifebuoybangladesh/photos/a.407425886028967.1073741825.407422362695986/453634411408114/?type=3,2013-12-27 11:00:00,9,0,0,9,0,0,0,0,0,0
407422362695986_457224707715751,,Timeline Photos,photo,https://www.facebook.com/lifebuoybangladesh/photos/a.407425886028967.1073741825.407422362695986/453634278074794/?type=3,2013-12-26 11:00:00,15,0,4,15,0,0,0,0,0,0
407422362695986_456247144480174,,Timeline Photos,photo,https://www.facebook.com/lifebuoybangladesh/photos/a.407425886028967.1073741825.407422362695986/453634198074802/?type=3,2013-12-24 11:00:01,7,0,0,7,0,0,0,0,0,0
407422362695986_455797221191833,Check out this Inspiring Video and share your views with us- http://bit.ly/HelpAchildReach5,Timeline Photos,photo,https://www.facebook.com/lifebuoybangladesh/photos/a.407425886028967.1073741825.407422362695986/453635031408052/?type=3,2013-12-23 09:00:00,9,0,2,9,0,0,0,0,0,0
407422362695986_455103251261230,,Timeline Photos,photo,https://www.facebook.com/lifebuoybangladesh/photos/a.407425886028967.1073741825.407422362695986/453634131408142/?type=3,2013-12-21 09:00:00,9,0,0,9,0,0,0,0,0,0
407422362695986_454729114631977,,Timeline Photos,photo,https://www.facebook.com/lifebuoybangladesh/photos/a.407425886028967.1073741825.407422362695986/453634011408154/?type=3,2013-12-20 09:00:00,11,2,0,10,1,0,0,0,0,0
407422362695986_454048721366683,,Timeline Photos,photo,https://www.facebook.com/lifebuoybangladesh/photos/a.407425886028967.1073741825.407422362695986/453633804741508/?type=3,2013-12-18 10:45:00,4,1,0,4,0,0,0,0,0,0
407422362695986_453706598067562,,Timeline Photos,photo,https://www.facebook.com/lifebuoybangladesh/photos/a.407425886028967.1073741825.407422362695986/453633734741515/?type=3,2013-12-17 10:45:00,9,1,0,9,0,0,0,0,0,0
407422362695986_453633654741523,,Timeline Photos,photo,https://www.facebook.com/lifebuoybangladesh/photos/a.407425886028967.1073741825.407422362695986/453633584741530/?type=3,2013-12-17 05:49:30,6,2,0,6,0,0,0,0,0,0
407422362695986_453633168074905,,Timeline Photos,photo,https://www.facebook.com/lifebuoybangladesh/photos/a.407425886028967.1073741825.407422362695986/453633094741579/?type=3,2013-12-17 05:46:31,11,1,1,11,0,0,0,0,0,0
407422362695986_453634831408072,Check out this Inspiring Video and share your views with us- http://bit.ly/HelpAchildReach5,Timeline Photos,photo,https://www.facebook.com/lifebuoybangladesh/photos/a.407425886028967.1073741825.407422362695986/453634754741413/?type=3,2013-12-17 05:55:50,6,0,1,6,0,0,0,0,0,0
407422362695986_453632994741589,,Timeline Photos,photo,https://www.facebook.com/lifebuoybangladesh/photos/a.407425886028967.1073741825.407422362695986/453632824741606/?type=3,2013-12-17 05:44:55,7,1,0,7,0,0,0,0,0,0
407422362695986_453632808074941,,Timeline Photos,photo,https://www.facebook.com/lifebuoybangladesh/photos/a.407425886028967.1073741825.407422362695986/453632534741635/?type=3,2013-12-17 05:43:52,7,0,0,7,0,0,0,0,0,0
407422362695986_453632474741641,,Timeline Photos,photo,https://www.facebook.com/lifebuoybangladesh/photos/a.407425886028967.1073741825.407422362695986/453632378074984/?type=3,2013-12-17 05:43:10,10,0,0,10,0,0,0,0,0,0
407422362695986_453631624741726,,Timeline Photos,photo,https://www.facebook.com/lifebuoybangladesh/photos/a.407425886028967.1073741825.407422362695986/453631281408427/?type=3,2013-12-17 05:42:05,6,0,1,6,0,0,0,0,0,0
407422362695986_453631031408452,,Timeline Photos,photo,https://www.facebook.com/lifebuoybangladesh/photos/a.407425886028967.1073741825.407422362695986/453630951408460/?type=3,2013-12-17 05:41:16,12,0,1,12,0,0,0,0,0,0
407422362695986_453630908075131,,Timeline Photos,photo,https://www.facebook.com/lifebuoybangladesh/photos/a.407425886028967.1073741825.407422362695986/453630831408472/?type=3,2013-12-17 05:40:46,6,0,0,6,0,0,0,0,0,0
407422362695986_446880992083456,,Timeline Photos,photo,https://www.facebook.com/lifebuoybangladesh/photos/a.407425886028967.1073741825.407422362695986/432671273504428/?type=3,2013-11-27 23:00:01,6,0,0,6,0,0,0,0,0,0
407422362695986_446548235450065,,Timeline Photos,photo,https://www.facebook.com/lifebuoybangladesh/photos/a.407425886028967.1073741825.407422362695986/432671103504445/?type=3,2013-11-26 23:00:01,8,0,0,8,0,0,0,0,0,0
407422362695986_445493892222166,,Timeline Photos,photo,https://www.facebook.com/lifebuoybangladesh/photos/a.407425886028967.1073741825.407422362695986/443149339123288/?type=3,2013-11-24 09:00:01,11,0,0,11,0,0,0,0,0,0
407422362695986_445119608926261,,Timeline Photos,photo,https://www.facebook.com/lifebuoybangladesh/photos/a.407425886028967.1073741825.407422362695986/443149149123307/?type=3,2013-11-23 09:00:00,9,0,1,9,0,0,0,0,0,0
407422362695986_444694808968741,,Timeline Photos,photo,https://www.facebook.com/lifebuoybangladesh/photos/a.407425886028967.1073741825.407422362695986/443148999123322/?type=3,2013-11-22 09:00:00,10,1,1,10,0,0,0,0,0,0
407422362695986_443570745747814,,Timeline Photos,photo,https://www.facebook.com/lifebuoybangladesh/photos/a.407425886028967.1073741825.407422362695986/443146865790202/?type=3,2013-11-21 09:00:00,7,0,0,7,0,0,0,0,0,0
407422362695986_443171125787776,"We believe in a world where no child goes to bed hungry, where every home has enough water to drink, wash and clean, where preventable diseases are prevented, and where every child lives past their fifth birthday. We don't pretend to have all the answers, but we are inviting you to join us on the journey of a #brightfuture Join Now: http://bit.ly/sunlyt
For more info:  http://projectsunlight.com",Timeline Photos,photo,https://www.facebook.com/lifebuoybangladesh/photos/a.407425886028967.1073741825.407422362695986/443144562457099/?type=3,2013-11-20 07:00:01,5,0,1,5,0,0,0,0,0,0
407422362695986_443090155795873,"Because there has never been a better time to create a brighter future, we are launching Unilever Project Sunlight. We believe in a world where no child goes to bed hungry, where every home has enough water to drink, wash and clean, where preventable diseases are prevented, and where every child lives past their fifth birthday. We don't pretend to have all the answers, but we are inviting you to join us on the journey of a #brightfuture Join Now: http://bit.ly/sunlyt",Unilever Project Sunlight,link,https://www.youtube.com/user/ulprojectsunlight,2013-11-20 00:56:59,5,1,2,4,1,0,0,0,0,0
407422362695986_443144105790478,,Timeline Photos,photo,https://www.facebook.com/lifebuoybangladesh/photos/a.407425886028967.1073741825.407422362695986/443144092457146/?type=3,2013-11-20 05:38:49,14,0,2,14,0,0,0,0,0,0
407422362695986_443143895790499,,Timeline Photos,photo,https://www.facebook.com/lifebuoybangladesh/photos/a.407425886028967.1073741825.407422362695986/443143889123833/?type=3,2013-11-20 05:37:59,10,0,1,10,0,0,0,0,0,0
407422362695986_443143755790513,,Timeline Photos,photo,https://www.facebook.com/lifebuoybangladesh/photos/a.407425886028967.1073741825.407422362695986/443143735790515/?type=3,2013-11-20 05:37:02,7,0,0,7,0,0,0,0,0,0
407422362695986_443143185790570,,Timeline Photos,photo,https://www.facebook.com/lifebuoybangladesh/photos/a.407425886028967.1073741825.407422362695986/443143132457242/?type=3,2013-11-20 05:36:11,6,0,0,6,0,0,0,0,0,0
407422362695986_441630562608499,,Timeline Photos,photo,https://www.facebook.com/lifebuoybangladesh/photos/a.407425886028967.1073741825.407422362695986/432670793504476/?type=3,2013-11-15 21:00:01,13,1,0,13,0,0,0,0,0,0
407422362695986_443142599123962,,Timeline Photos,photo,https://www.facebook.com/lifebuoybangladesh/photos/a.407425886028967.1073741825.407422362695986/443142592457296/?type=3,2013-11-20 05:35:09,9,0,0,9,0,0,0,0,0,0
407422362695986_441312015973687,,Timeline Photos,photo,https://www.facebook.com/lifebuoybangladesh/photos/a.407425886028967.1073741825.407422362695986/432670616837827/?type=3,2013-11-14 22:00:00,2,0,0,2,0,0,0,0,0,0
407422362695986_440967012674854,,Timeline Photos,photo,https://www.facebook.com/lifebuoybangladesh/photos/a.407425886028967.1073741825.407422362695986/432670483504507/?type=3,2013-11-13 23:00:00,7,0,0,7,0,0,0,0,0,0
407422362695986_440632642708291,,Timeline Photos,photo,https://www.facebook.com/lifebuoybangladesh/photos/a.407425886028967.1073741825.407422362695986/432670363504519/?type=3,2013-11-12 22:00:01,4,1,0,4,0,0,0,0,0,0
407422362695986_440282629409959,,Timeline Photos,photo,https://www.facebook.com/lifebuoybangladesh/photos/a.407425886028967.1073741825.407422362695986/432670236837865/?type=3,2013-11-11 21:00:01,4,0,0,4,0,0,0,0,0,0
407422362695986_439903549447867,,Timeline Photos,photo,https://www.facebook.com/lifebuoybangladesh/photos/a.407425886028967.1073741825.407422362695986/432670090171213/?type=3,2013-11-10 22:00:00,11,0,0,11,0,0,0,0,0,0
407422362695986_439532246151664,,Timeline Photos,photo,https://www.facebook.com/lifebuoybangladesh/photos/a.407425886028967.1073741825.407422362695986/432669786837910/?type=3,2013-11-09 23:00:00,11,0,0,11,0,0,0,0,0,0
407422362695986_439190889519133,,Timeline Photos,photo,https://www.facebook.com/lifebuoybangladesh/photos/a.407425886028967.1073741825.407422362695986/432669576837931/?type=3,2013-11-08 22:00:01,18,1,0,18,0,0,0,0,0,0
407422362695986_438828752888680,,Timeline Photos,photo,https://www.facebook.com/lifebuoybangladesh/photos/a.407425886028967.1073741825.407422362695986/432669403504615/?type=3,2013-11-07 21:00:01,8,0,0,8,0,0,0,0,0,0
407422362695986_438408882930667,,Timeline Photos,photo,https://www.facebook.com/lifebuoybangladesh/photos/a.407425886028967.1073741825.407422362695986/432669210171301/?type=3,2013-11-06 21:00:00,5,0,0,5,0,0,0,0,0,0
407422362695986_438005219637700,,Timeline Photos,photo,https://www.facebook.com/lifebuoybangladesh/photos/a.407425886028967.1073741825.407422362695986/432669043504651/?type=3,2013-11-05 21:00:03,23,0,0,23,0,0,0,0,0,0
407422362695986_437662976338591,,Timeline Photos,photo,https://www.facebook.com/lifebuoybangladesh/photos/a.407425886028967.1073741825.407422362695986/432668820171340/?type=3,2013-11-04 22:00:00,7,0,0,7,0,0,0,0,0,0
407422362695986_437287149709507,,Timeline Photos,photo,https://www.facebook.com/lifebuoybangladesh/photos/a.407425886028967.1073741825.407422362695986/432668690171353/?type=3,2013-11-03 21:00:01,6,0,1,6,0,0,0,0,0,0
407422362695986_436882723083283,,Timeline Photos,photo,https://www.facebook.com/lifebuoybangladesh/photos/a.407425886028967.1073741825.407422362695986/432668483504707/?type=3,2013-11-02 21:00:00,10,0,0,10,0,0,0,0,0,0
407422362695986_436477533123802,,Timeline Photos,photo,https://www.facebook.com/lifebuoybangladesh/photos/a.407425886028967.1073741825.407422362695986/432668220171400/?type=3,2013-11-01 21:00:00,6,0,1,6,0,0,0,0,0,0
407422362695986_435928113178744,,Timeline Photos,photo,https://www.facebook.com/lifebuoybangladesh/photos/a.407425886028967.1073741825.407422362695986/432667906838098/?type=3,2013-10-31 19:00:01,9,1,1,9,0,0,0,0,0,0
407422362695986_435610823210473,,Timeline Photos,photo,https://www.facebook.com/lifebuoybangladesh/photos/a.407425886028967.1073741825.407422362695986/423839271054295/?type=3,2013-10-30 23:00:00,6,0,0,6,0,0,0,0,0,0
407422362695986_434523189985903,,Timeline Photos,photo,https://www.facebook.com/lifebuoybangladesh/photos/a.407425886028967.1073741825.407422362695986/423838544387701/?type=3,2013-10-27 23:00:00,6,1,0,6,0,0,0,0,0,0
407422362695986_433220093449546,"Spread the word! For every share, Lifebuoy will donate 2 Bangladeshi Taka. Link- http://bit.ly/HACR5BD",helpachildreach5,link,https://www.youtube.com/user/helpachildreach5,2013-10-25 02:00:01,15,0,0,15,0,0,0,0,0,0
407422362695986_433464953425060,,Timeline Photos,photo,https://www.facebook.com/lifebuoybangladesh/photos/a.407425886028967.1073741825.407422362695986/423838324387723/?type=3,2013-10-24 23:00:00,11,1,2,11,0,0,0,0,0,0
407422362695986_433219466782942,"You share. We donate.

Share Lifebuoy's Help A Child Reach 5 movement with your friends, and we will donate 2 Bangladeshi Taka towards saving lives through handwashing: http://bit.ly/HelpAchildReach5",Lifebuoy Help a Child reach 5,video,http://bit.ly/HelpAchildReach5,2013-10-24 06:46:21,159,0,104,159,0,0,0,0,0,0
407422362695986_433070470131175,,Timeline Photos,photo,https://www.facebook.com/lifebuoybangladesh/photos/a.407425886028967.1073741825.407422362695986/423838217721067/?type=3,2013-10-23 22:00:00,17,0,1,17,0,0,0,0,0,0
407422362695986_432623620175860,,Timeline Photos,photo,https://www.facebook.com/lifebuoybangladesh/photos/a.407425886028967.1073741825.407422362695986/423838091054413/?type=3,2013-10-22 21:00:01,16,0,0,16,0,0,0,0,0,0
407422362695986_430152093756346,,Timeline Photos,photo,https://www.facebook.com/lifebuoybangladesh/photos/a.407425886028967.1073741825.407422362695986/423837684387787/?type=3,2013-10-17 21:00:01,32,17,1,32,0,0,0,0,0,0
407422362695986_428606800577542,,Timeline Photos,photo,https://www.facebook.com/lifebuoybangladesh/photos/a.407425886028967.1073741825.407422362695986/423837541054468/?type=3,2013-10-14 22:00:01,47,3,3,47,0,0,0,0,0,0
407422362695986_428182587286630,,Timeline Photos,photo,https://www.facebook.com/lifebuoybangladesh/photos/a.407425886028967.1073741825.407422362695986/423840474387508/?type=3,2013-10-14 01:00:02,28,2,0,28,0,0,0,0,0,0
407422362695986_10151923534011343,"Sakib al Hasan has pledged to ""Help A Child Reach 5"" this Global Handwashing Day.

Have you? 

To pledge, please use the Lifebuoy Global Handwashing Day app in the Lifebuoy page: https://www.facebook.com/lifebuoybangladesh/app_637880189575779",,video,https://www.facebook.com/lifebuoybangladesh/videos/10151923534011343/,2013-10-13 00:49:12,98,3,11,97,1,0,0,0,0,0
407422362695986_427606700677552,,Timeline Photos,photo,https://www.facebook.com/lifebuoybangladesh/photos/a.407425886028967.1073741825.407422362695986/423840284387527/?type=3,2013-10-13 00:00:00,17,1,0,17,0,0,0,0,0,0
407422362695986_427157287389160,Lifebuoy Brand Ambassador Sakib Al Hasan celebrating Global Handwashing Day 2013 on a school visit.,Timeline Photos,photo,https://www.facebook.com/lifebuoybangladesh/photos/a.407425886028967.1073741825.407422362695986/427157257389163/?type=3,2013-10-12 01:32:56,89,14,5,89,0,0,0,0,0,0
407422362695986_426745794096976,"Wondering what this may be?

Find out using a QR code scanner.",Timeline Photos,photo,https://www.facebook.com/lifebuoybangladesh/photos/a.407425886028967.1073741825.407422362695986/426745784096977/?type=3,2013-10-11 02:02:29,30,12,5,30,0,0,0,0,0,0
407422362695986_426685764102979,,Timeline Photos,photo,https://www.facebook.com/lifebuoybangladesh/photos/a.407425886028967.1073741825.407422362695986/423837227721166/?type=3,2013-10-10 22:00:00,16,1,0,16,0,0,0,0,0,0
407422362695986_425422574229298,,Timeline Photos,photo,https://www.facebook.com/lifebuoybangladesh/photos/a.407425886028967.1073741825.407422362695986/423837057721183/?type=3,2013-10-07 21:00:00,35,3,0,35,0,0,0,0,0,0
407422362695986_425120740926148,Check out this Inspiring Video and share your views with us- http://bit.ly/HelpAchildReach5,Lifebuoy's cover photo,photo,https://www.facebook.com/lifebuoybangladesh/photos/a.407785259326363.1073741828.407422362695986/425120444259511/?type=3,2013-10-06 23:42:18,35,3,4,35,0,0,0,0,0,0
407422362695986_424893044282251,"Help a Child Reach 5, by just joining this noble cause with Sakib on this Global Handwashing Week- https://www.facebook.com/lifebuoybangladesh/app_637880189575779",Lifebuoy,link,https://www.facebook.com/lifebuoybangladesh/?sk=app_637880189575779&app_data,2013-10-06 09:25:04,26,1,0,26,0,0,0,0,0,0
407422362695986_424750164296539,,Timeline Photos,photo,https://www.facebook.com/lifebuoybangladesh/photos/a.407425886028967.1073741825.407422362695986/423836964387859/?type=3,2013-10-05 22:00:00,30,0,0,30,0,0,0,0,0,0
407422362695986_424488294322726,Check out this Inspiring Video and share your views with us- http://bit.ly/HelpAchildReach5,Lifebuoy Help a Child reach 5,video,https://www.youtube.com/watch?v=UF7oU_YSbBQ,2013-10-05 03:54:55,814,18,271,814,0,0,0,0,0,0
407422362695986_424123154359240,,Timeline Photos,photo,https://www.facebook.com/lifebuoybangladesh/photos/a.407425886028967.1073741825.407422362695986/423836834387872/?type=3,2013-10-03 22:00:01,15,0,0,15,0,0,0,0,0,0
407422362695986_423864754385080,"National Team's former captain Shakib Al Hasan (C), brand ambassador of Lifebuoy gives a kick off start to the Global Handwashing Day festivities! A Happy moment indeed- Hit ""Like"" if you agree.",Timeline Photos,photo,https://www.facebook.com/lifebuoybangladesh/photos/a.407425886028967.1073741825.407422362695986/423864744385081/?type=3,2013-10-03 02:15:36,38,4,3,38,0,0,0,0,0,0
407422362695986_423836587721230,,Timeline Photos,photo,https://www.facebook.com/lifebuoybangladesh/photos/a.407425886028967.1073741825.407422362695986/423836581054564/?type=3,2013-10-02 23:17:05,16,0,0,16,0,0,0,0,0,0
407422362695986_423836431054579,,Timeline Photos,photo,https://www.facebook.com/lifebuoybangladesh/photos/a.407425886028967.1073741825.407422362695986/423836424387913/?type=3,2013-10-02 23:16:18,14,1,1,14,0,0,0,0,0,0
407422362695986_420571824714373,,Timeline Photos,photo,https://www.facebook.com/lifebuoybangladesh/photos/a.407425886028967.1073741825.407422362695986/420571814714374/?type=3,2013-09-24 03:30:33,15,0,1,15,0,0,0,0,0,0
407422362695986_420566751381547,,Timeline Photos,photo,https://www.facebook.com/lifebuoybangladesh/photos/a.407425886028967.1073741825.407422362695986/420566741381548/?type=3,2013-09-24 03:02:11,16,0,0,16,0,0,0,0,0,0
407422362695986_420565844714971,,Timeline Photos,photo,https://www.facebook.com/lifebuoybangladesh/photos/a.407425886028967.1073741825.407422362695986/420565834714972/?type=3,2013-09-24 02:57:08,18,0,0,18,0,0,0,0,0,0
407422362695986_420563951381827,,Timeline Photos,photo,https://www.facebook.com/lifebuoybangladesh/photos/a.407425886028967.1073741825.407422362695986/420563934715162/?type=3,2013-09-24 02:46:33,15,0,0,15,0,0,0,0,0,0
407422362695986_420562394715316,,Timeline Photos,photo,https://www.facebook.com/lifebuoybangladesh/photos/a.407425886028967.1073741825.407422362695986/420562378048651/?type=3,2013-09-24 02:45:05,11,0,0,10,1,0,0,0,0,0
407422362695986_420561748048714,,Timeline Photos,photo,https://www.facebook.com/lifebuoybangladesh/photos/a.407425886028967.1073741825.407422362695986/420561738048715/?type=3,2013-09-24 02:41:37,12,0,0,12,0,0,0,0,0,0
407422362695986_420560034715552,,Timeline Photos,photo,https://www.facebook.com/lifebuoybangladesh/photos/a.407425886028967.1073741825.407422362695986/420560021382220/?type=3,2013-09-24 02:31:55,12,0,0,12,0,0,0,0,0,0
407422362695986_420559104715645,,Timeline Photos,photo,https://www.facebook.com/lifebuoybangladesh/photos/a.407425886028967.1073741825.407422362695986/420559094715646/?type=3,2013-09-24 02:25:06,13,0,1,13,0,0,0,0,0,0
407422362695986_420559741382248,,Timeline Photos,photo,https://www.facebook.com/lifebuoybangladesh/photos/a.407425886028967.1073741825.407422362695986/420559724715583/?type=3,2013-09-24 02:29:56,7,0,0,7,0,0,0,0,0,0
407422362695986_420559558048933,,Timeline Photos,photo,https://www.facebook.com/lifebuoybangladesh/photos/a.407425886028967.1073741825.407422362695986/420559548048934/?type=3,2013-09-24 02:28:35,8,0,0,7,1,0,0,0,0,0
407422362695986_420560668048822,,Timeline Photos,photo,https://www.facebook.com/lifebuoybangladesh/photos/a.407425886028967.1073741825.407422362695986/420560658048823/?type=3,2013-09-24 02:35:11,12,0,0,12,0,0,0,0,0,0
407422362695986_407785272659695,,Lifebuoy's cover photo,photo,https://www.facebook.com/lifebuoybangladesh/photos/a.407785259326363.1073741828.407422362695986/407785262659696/?type=3,2013-08-19 03:26:51,7,0,3,7,0,0,0,0,0,0
407422362695986_407426242695598,,Timeline Photos,photo,https://www.facebook.com/lifebuoybangladesh/photos/a.407425886028967.1073741825.407422362695986/407426236028932/?type=3,2013-08-18 06:33:09,4,0,0,4,0,0,0,0,0,0
407422362695986_407426202695602,,Timeline Photos,photo,https://www.facebook.com/lifebuoybangladesh/photos/a.407425886028967.1073741825.407422362695986/407426196028936/?type=3,2013-08-18 06:32:54,3,0,0,3,0,0,0,0,0,0
407422362695986_407426152695607,,Timeline Photos,photo,https://www.facebook.com/lifebuoybangladesh/photos/a.407425886028967.1073741825.407422362695986/407426146028941/?type=3,2013-08-18 06:32:40,6,0,0,6,0,0,0,0,0,0
407422362695986_407426099362279,,Timeline Photos,photo,https://www.facebook.com/lifebuoybangladesh/photos/a.407425886028967.1073741825.407422362695986/407426092695613/?type=3,2013-08-18 06:32:28,3,0,0,3,0,0,0,0,0,0
407422362695986_407426029362286,,Timeline Photos,photo,https://www.facebook.com/lifebuoybangladesh/photos/a.407425886028967.1073741825.407422362695986/407426022695620/?type=3,2013-08-18 06:32:12,3,0,0,2,1,0,0,0,0,0
407422362695986_407425896028966,,Timeline Photos,photo,https://www.facebook.com/lifebuoybangladesh/photos/a.407425886028967.1073741825.407422362695986/407425889362300/?type=3,2013-08-18 06:31:38,13,2,0,12,1,0,0,0,0,0
407422362695986_408619039242985,,Global Handwashing 2011 saw over 25 million people around the world pledge to wash their hands with soap.,photo,https://www.facebook.com/lifebuoybangladesh/photos/p.408619012576321/408619012576321/?type=3,2011-10-15 14:00:00,2,0,0,2,0,0,0,0,0,0
407422362695986_408615222576700,,Lifebuoy launches in Australia,photo,https://www.facebook.com/lifebuoybangladesh/photos/p.408615199243369/408615199243369/?type=3,2010-12-31 15:00:00,0,0,0,0,0,0,0,0,0,0
407422362695986_408615592576663,,Unilever announced its social mission goal to change the handwashing behaviour of one billion people by 2015.,link,https://www.facebook.com/407422362695986/posts/408615592576663/,2010-12-31 15:00:00,0,0,0,0,0,0,0,0,0,0
407422362695986_408618759243013,,Global Handwashing Day 2010,photo,https://www.facebook.com/lifebuoybangladesh/photos/p.408618742576348/408618742576348/?type=3,2010-10-15 14:00:00,1,0,0,1,0,0,0,0,0,0
407422362695986_408614975910058,,Lifebuoy became a World Record Breaker,photo,https://www.facebook.com/lifebuoybangladesh/photos/p.408614899243399/408614899243399/?type=3,2009-10-15 14:00:00,1,0,0,1,0,0,0,0,0,0
407422362695986_408614705910085,,First Global Handwashing Day held in over 75 countries and 23 Lifebuoy markets,photo,https://www.facebook.com/lifebuoybangladesh/photos/p.408614659243423/408614659243423/?type=3,2008-10-15 14:00:00,5,0,0,5,0,0,0,0,0,0
